license,business_name,address,city,cit_latest_date,cit_ice_count,last_disposition,cit_repeat,cit_corrected_on_site,best_observation,cit_observation_date
0,DUNKIN DONUTS,10454 N 66 ST,ST. PETERSBURG,2025-06-30,2212,Call Back - Complied,True,False,,
2233783,LITTLE ITALY PIZZA SHOP,3523 N 49 ST,ST PETERSBURG,2021-03-23,2,Inspection Completed - No Further Action,True,False,Accumulation of black/green mold-like substance in the interior of the ice machine/bin. Black mold like debris interior of ice machine.,2025-07-10
2233839,CHATTAWAY DRIVE INN,358 S 22 AVE,ST PETERSBURG,2021-03-16,2,Inspection Completed - No Further Action,True,False,Basic - - From initial inspection : Basic - Ice buildup in reach-in freezer and/or walk-in freezer.,
2233932,GIGIS RESTAURANT,105 107 AVE,TREASURE ISLAND,2021-06-16,2,Inspection Completed - No Further Action,True,False,Accumulation of black/green mold-like substance in the interior of the ice machine/bin.,
2233978,TEDS LUNCHEONETTE,1201 CLEARWATER LARGO RD,LARGO,2021-04-01,3,Call Back - Complied,True,False,Ice buildup in reach-in freezer.,2025-08-26
2233983,WEST 201,10490 GANDY BLVD,ST PETERSBURG,2020-11-20,1,Inspection Completed - No Further Action,False,False,,
2233986,ORANGE BLOSSOM CATERING,220 N 4 ST,ST PETERSBURG,2021-03-02,5,Warning Issued,True,False,,
2233989,SEAHORSE  RESTAURANT,800 PASS A GRILLE WAY,ST PETE BCH,2021-03-25,2,Inspection Completed - No Further Action,True,False,,
2233995,PALM PAVILION,10 BAY ESPLANADE,CLEARWATER BCH,2020-11-16,1,Inspection Completed - No Further Action,False,False,Ice buildup in walk-in freezer.,2025-10-14
2234038,GAYLES RESTAURANT,455 75 AVE,ST PETE BCH,2021-04-20,4,Emergency Order Callback Time Extension,True,False,,
2234046,BON APPETIT,148 MARINA PLZ,DUNEDIN,2021-02-24,2,Warning Issued,True,False,,
2234049,SNAPPERS SEA GRILL,5895 GULF BLVD,ST.PETE BEACH,2021-05-14,2,Inspection Completed - No Further Action,True,False,Accumulation of black/green mold-like substance in the interior of the ice machine/bin. Ice machine interior soiled with black mold like debris.,
2234055,BEACHCOMBER,447 MANDALAY BLVD,CLEARWATER BCH,2021-04-09,1,Inspection Completed - No Further Action,False,False,,
2234077,TED PETERS RESTAURANT,1350 PASADENA AVE,S PASADENA,2021-02-08,2,Inspection Completed - No Further Action,True,False,,
2234085,CRAB SHACK,11400 N GANDY BLVD,ST PETERSBURG,2021-02-24,6,Call Back - Complied,True,False,,
2234106,TYRONE FAMILY RESTAURANT,7815 N 38 AVE,ST PETERSBURG,2021-02-04,2,Inspection Completed - No Further Action,True,False,,
2234113,DUNEDIN COUNTRY CLUB,1050 PALM BLVD,DUNEDIN,2020-12-17,3,Call Back - Complied,True,False,,
2234119,CARLOUEL YACHT CLUB,1091 ELDORADO AVE,CLEARWATER BCH,2021-01-07,1,Inspection Completed - No Further Action,False,False,,
2234129,GULFPORT RESTAURANT,2025 S 49 ST,GULFPORT,2021-01-13,2,Inspection Completed - No Further Action,True,False,,
2234146,GERMANIA HALL,8098 66 STREET NORTH,PINELLAS PARK,2021-03-06,1,Warning Issued,False,False,,
2234167,LARGO SUBMARINE & GYROS,102 N MISSOURI AVE,LARGO,2020-12-01,1,Inspection Completed - No Further Action,False,False,Flex seal and pvc glue stored on ice machine.,
2234195,DERBY CLUB 5 AND 6 FLOORS,10490 GANDY BLVD,ST. PETERSBURG,2021-01-14,1,Inspection Completed - No Further Action,False,False,,
2234199,MUNCH SUNDRIES,3920 S 6 ST,ST PETERSBURG,2021-03-02,2,Warning Issued,True,False,,
2234225,SUNRISE LANES RESTAURANT,6393 N 9 ST,ST PETERSBURG,2021-04-05,3,Call Back - Complied,True,False,,
2234239,CASA TINAS PAN Y VINO,369 MAIN ST,DUNEDIN,2021-01-13,1,Inspection Completed - No Further Action,False,False,,
2234242,KISSIN CUZZINS PANCAKE,951 N 34 ST,ST PETERSBURG,2021-01-12,3,Call Back - Complied,True,False,,
2234248,TEN PIN LANE REST & LOUNGE,1453 PASADENA AVE,S PASADENA,2021-02-17,1,Inspection Completed - No Further Action,False,False,No handwashing sign provided at a hand sink used by food employees next to ice machine.,2025-07-16
2234249,MCDONALDS REST OF FLORIDA INC,300 N 38 AVE,ST PETERSBURG,2020-11-06,1,Inspection Completed - No Further Action,False,False,,
2234296,DOLPHIN BEACH RESORT REST,4900 GULF BLVD,ST PETE BCH,2021-03-15,2,Inspection Completed - No Further Action,True,False,,
2234314,CHARLIE & MILLIES PIZZA,10953 SEMINOLE BLVD,LARGO,2021-05-07,3,Call Back - Complied,True,False,,
2234317,WHISTLE STOP GRILL AND BAR,915 MAIN ST,SAFETY HARBOR,2021-03-15,2,Inspection Completed - No Further Action,True,False,,
2234323,J D'S RESTAURANT & LOUNGE,125 GULF BLVD,INDIAN ROCKS BCH,2021-06-02,2,Warning Issued,True,False,,
2234347,WILLIAMS SUBMARINE SHP,3801 N TYRONE BLVD,ST PETERSBURG,2021-01-20,1,Inspection Completed - No Further Action,False,False,,
2234360,MCDONALDS 1099,2315 TYRONE BLVD,ST PETERSBURG,2020-11-10,1,Inspection Completed - No Further Action,False,False,,
2234374,LENNYS REST,21220 N US HWY 19,CLEARWATER,2020-10-01,1,Inspection Completed - No Further Action,False,False,Accumulation of black / pink mold-like substance in the interior on drop plate of the ice machine in dishwashing / storage area,2026-01-14
2234400,UMBERTOS OF LONG IS,150 PATRICIA AVE,DUNEDIN,2021-02-18,2,Inspection Completed - No Further Action,True,False,,
2235337,THE LANDINGS,1875 AIRPORT DR,CLEARWATER,2020-12-10,2,Warning Issued,True,False,,
2235368,CAPOGNA'S DUGOUT REST,1653 GULF TO BAY BLVD,CLEARWATER,2020-11-18,2,Inspection Completed - No Further Action,True,False,Reach in cooler opposite stove with ambient thermometer reading 49 F Basic - Ice scoop handle in contact with ice at wait stations and bar areas . Manager relocated ice scoops .,
2235393,SHEPHARDS RESTAURANT,601 S GULFVIEW BLVD,CLEARWATER BCH,2021-04-13,2,Inspection Completed - No Further Action,True,False,Ice cubes for bar not covered in stand up reach in freezer.,2025-07-14
2235497,PAJANOS PIZZA AND SUB,1307 GULF BLVD,INDIAN ROCKS BCH,2021-03-29,1,Administrative complaint recommended,False,False,,
2235536,MCDONALDS #3213,6855 GULF BLVD,ST PETE BCH,2021-03-05,1,Inspection Completed - No Further Action,False,False,,
2235547,SHERATON RUSTYS,1160 GULF BLVD,CLEARWATER BCH,2020-09-30,1,Inspection Completed - No Further Action,False,False,,
2235566,MCDONALDS 4TH ST NORTH,9600 N 4 ST,ST PETERSBURG,2021-02-26,1,Inspection Completed - No Further Action,False,False,,
2235569,GIANNI'S,936 N 58 ST,ST PETERSBURG,2021-03-04,2,Inspection Completed - No Further Action,True,False,- From initial inspection : Basic - Accumulation of mold-like substance in the interior of the ice machine. - From follow-up inspection 2026-04-24: Basic - - From initial inspection : Basic - Ice buildup in walk-in freezer.,
2235592,MIXED GRILLE,3001 COUNTRYSIDE BLVD,CLEARWATER,2021-02-24,2,Warning Issued,True,False,,
2235598,COUNTRYSIDE CO CLUB (MAIN KIT),3001 COUNTRYSIDE BLVD,CLEARWATER,2021-02-24,3,Call Back - Complied,True,False,,
2235627,SEMINOLE LANES INC,8668 PARK BLVD,SEMINOLE,2021-02-22,2,Inspection Completed - No Further Action,True,False,Under cook line Basic - Ice scoop handle in contact with ice. Drink ice well at pizza counter Basic - In-use utensil stored in standing water less than 135 degrees Fahrenheit. Ice cream scoops stored in soiled standing water at pizza counter Basic - Single-service articles not stored inverted or…,
2235634,THE COMPASS GRILL,1055 E LAKE WOODLANDS PKWY,OLDSMAR,2021-02-08,2,Inspection Completed - No Further Action,True,False,,
2235659,KOPPER KITCHEN,5562 CENTRAL AVE,ST PETERSBURG,2020-10-20,1,Warning Issued,False,False,,
2235668,COUNTRY CLUB,1 COUNTRY CLUB LN,BELLEAIR,2021-01-14,2,Inspection Completed - No Further Action,True,False,,
2235669,COUNTRY CLUB DINING,1 COUNTRY CLUB LN,BELLEAIR,2021-01-14,2,Warning Issued,True,False,,
2235698,CLEARWATER YACHT CLUB,830 BAYWAY BLVD,CLEARWATER BCH,2020-09-16,1,Warning Issued,False,False,Accumulation of black/green mold-like substance in the interior of the ice machine/bin. Ice cream tub not covered.,
2235699,HURRICANE SEAFOOD RESTAURANT,809 GULF WAY,ST PETE BCH,2021-05-21,2,Inspection Completed - No Further Action,True,False,,
2235706,PASADENA BAR & GRILL,796 S PASADENA AVE,S PASADENA,2021-02-04,2,Warning Issued,True,False,,
2235707,COLONIAL CORNER,7201 N 49 ST,PINELLAS PARK,2021-03-31,2,Administrative complaint recommended,True,False,,
2235724,THAI BAY RESTAURANT,1300 E BAY DR UNIT P,LARGO,2021-04-06,1,Inspection Completed - No Further Action,False,False,,
2235725,UNTOUCHABLES PASTA & PIZZA,1150 CLEARWATER LARGO RD,LARGO,2020-11-05,1,Inspection Completed - No Further Action,False,False,,
2235727,COVERED BRIDGE FAMILY REST,2070 BAYSHORE BLVD,DUNEDIN,2021-02-15,2,Inspection Completed - No Further Action,True,False,,
2235731,CAFE LARGO,12551 INDIAN ROCKS RD,LARGO,2021-06-23,1,Inspection Completed - No Further Action,False,False,,
2235741,ASTRO SKATING CENTER P P,10001 66 ST N,PINELLAS PARK,2021-06-08,2,Administrative complaint recommended,True,False,,
2235794,ACROPOL INN REST,2552 SUNSET POINT RD,CLEARWATER,2020-09-02,2,Warning Issued,True,False,,
2235800,CRABBY BILLS,401 GULF BLVD,INDIAN ROCKS BEACH,2021-03-29,2,Inspection Completed - No Further Action,True,False,"Accumulation of black/green mold-like substance in the interior of the ice machine/bin. Observed at 36f, in ice water.",
2235824,JOTO'S PIZZA,13050 PARK BLVD,SEMINOLE,2021-01-11,1,Inspection Completed - No Further Action,False,False,Plastic cups above ice machine,2025-08-13
2235834,BANYAN TREE DELI,6800 SUNSHINE SKYWAY LN S,ST PETERSBURG,2021-04-12,1,Inspection Completed - No Further Action,False,False,,
2235837,ASTRO SKATING RINK,875 CYPRESS ST,TARPON SPGS,2020-10-02,1,Inspection Completed - No Further Action,False,False,Accumulation of black/green mold-like substance in the interior of the ice machine/bin. Water dripping from black mold like substance onto ice for beverages. Water dripping from black mold like substance onto ice for beverages.,
2235843,VIP LOUNGE & RESTAURANT,10625 GULF BLVD,TREASURE ISLAND,2021-04-19,1,Inspection Completed - No Further Action,False,False,,
2235848,MANGROVE BAY GOLF COURSE,875 NE 62 AVE NE,ST PETERSBURG,2021-02-05,2,Warning Issued,True,False,,
2235852,HOOTERS,2800 GULF TO BAY BLVD,CLEARWATER,2021-01-22,2,Inspection Completed - No Further Action,True,False,,
2235855,SONNY'S BAR B Q,30503 N U S HWY 19,PALM HARBOR,2021-02-01,2,Inspection Completed - No Further Action,True,False,,
2235884,FRIENDLY FISHERMAN RESTAURANT,150 128 AVE W,MADEIRA BCH,2021-04-12,2,Warning Issued,True,False,Ice buildup in reach-in freezer and/or walk-in freezer.,2025-10-06
2235887,FRENCHYS CAFE,41 BAYMONT ST,CLEARWATER BCH,2021-04-26,1,Inspection Completed - No Further Action,False,False,Accumulation of black/green mold-like substance in the interior of the ice machine/bin. Both ice machines.,
2235892,MCDONALDS #5828,7001 US HWY 19 N,PINELLAS PARK,2020-08-28,1,Inspection Completed - No Further Action,False,False,,
2235908,WEST SNACK BAR,1 COUNTRY CLUB LN,BELLEAIR,2021-01-14,1,Inspection Completed - No Further Action,False,False,,
2235909,EAST SNACK BAR,1 COUNTRY CLUB LN,BELLEAIR,2021-01-14,1,Inspection Completed - No Further Action,False,False,,
2235927,SNACK BAR #2,180 N RACETRACK RD,OLDSMAR,2021-01-22,1,Inspection Completed - No Further Action,False,False,,
2235937,DUBLIN HOUSE PUB,477 SEMINOLE BLVD,LARGO,2020-07-20,1,Inspection Completed - No Further Action,False,False,,
2235946,FROG POND (THE),16909 GULF BLVD,N REDINGTON BCH,2021-04-07,2,Inspection Completed - No Further Action,True,False,,
2235975,CHUCK E CHEESE PIZZA TIME,1024 N 58 ST,ST PETERSBURG,2020-09-28,1,Inspection Completed - No Further Action,False,False,,
2235984,E & E STAKEOUT GRILL,100 INDIAN ROCKS RD,BELLEAIR BLUFFS,2020-07-22,2,Warning Issued,True,False,Ice cream tub.,
2235994,TIFFANY'S FAMILY RESTAURANT,35000 N US HWY 19,PALM HARBOR,2021-01-26,5,Call Back - Complied,True,False,,
2235999,CARMELITAS MEXICAN REST,5211 PARK ST,ST PETERSBURG,2021-02-26,3,Warning Issued,True,False,- From initial inspection : Basic - Accumulation of black/pink mold-like substance in the interior of the ice machine.,
2236066,CHILI'S #124,25987 US HWY 19 N,CLEARWATER,2021-03-22,1,Inspection Completed - No Further Action,False,False,,
2236075,HUNGRY HOWIE'S,6328 PARK BLVD,PINELLAS PARK,2021-02-15,1,Inspection Completed - No Further Action,False,False,,
2236125,TACO BELL #2448,5225 E BAY DR,LARGO,2020-07-13,1,Inspection Completed - No Further Action,False,False,Ice shoot on self service beverage station has green build up.,
2236170,AVIATOR & SPORTS PUB AND RESTAURANT,3535 ULMERTON ROAD,CLEARWATER,2021-05-17,1,Inspection Completed - No Further Action,False,False,,
2236175,HUNGRY HOWIES PIZZA & SUBS,6989 SEMINOLE BLVD,SEMINOLE,2020-10-26,1,Warning Issued,False,False,,
2236178,CHICAGO DELI,2820 SCHERER DR SUITE 250,ST PETERSBURG,2021-02-09,2,Inspection Completed - No Further Action,True,False,,
2236187,HUNGRY HOWIES,5570 N 4 ST,ST PETERSBURG,2020-09-09,1,Administrative complaint recommended,False,False,,
2236227,MOLLY GOODHEADS,400 ORANGE AVE,OZONA,2020-11-30,2,Inspection Completed - No Further Action,True,False,"Accumulation of black/green mold-like substance in the interior of the ice machine/bin. Interior of exterior ice machines soiled with mold like substance,",2026-01-13
2236287,COUNTRY SKILLET EAST,2839 ROOSEVELT BLVD,CLEARWATER,2021-05-12,3,Warning Issued,True,False,,
2236315,HAO WAH CHINESE RESTAURANT,10454 N 66 ST,PINELLAS PARK,2021-03-22,2,Inspection Completed - No Further Action,True,False,Accumulation of dead insects in wall mounted trap in rear prep kitchen Basic - Ice buildup in reach-in freezer and/or walk-in freezer.,
2236319,MCDONALDS #7731,3470 ULMERTON RD,CLEARWATER,2021-03-29,1,Inspection Completed - No Further Action,False,False,,
2236383,KIMMY D'S,12211 N 49 ST,CLEARWATER,2020-08-07,1,Inspection Completed - No Further Action,False,False,,
2236476,JIMMY GUANA'S BAR & GRILL,401 E 2 ST,INDIAN ROCKS BCH,2021-03-29,3,Warning Issued,True,False,Accumulation of black/green mold-like substance in the interior of the ice machine/bin.,2025-10-07
2236494,ZOM HEE RESTAURANT,9015 PARK BLVD,SEMINOLE,2021-03-23,3,Warning Issued,True,False,Accumulation of black/green mold-like substance in the interior of the ice machine/bin. Soda lines soiled going though ice bin behind bar,2025-08-07
2236505,WOK OUT CHINESE RESTAURANT,1444 S BELCHER RD,CLEARWATER,2020-11-13,2,Inspection Completed - No Further Action,True,False,,
2236527,SIAM GARDEN THAI RESTAURANT,3125 N 9 ST,ST PETERSBURG,2021-03-26,6,Emergency Order Callback Time Extension,True,False,Basic - Ice buildup in reach-in freezer and/or walk-in freezer. Ice buildup up in reach-in freezer located at server station.,
2236533,ATHENIANS FAMOUS GYROS&CHICKEN,5320 PARK BLVD,PINELLAS PARK,2021-03-31,2,Inspection Completed - No Further Action,True,False,,
2236541,HUNGRY HOWIES,3780 TAMPA RD,OLDSMAR,2020-09-11,1,Inspection Completed - No Further Action,False,False,,
2236551,HUNGRY HOWIES PIZZA & SUBS 144,14100 S US HWY 19 #STE 110,CLEARWATER,2020-07-24,2,Emergency order recommended,True,False,,
2236576,MANGOS,17120 GULF BLVD,N REDINGTON BCH,2020-12-08,3,Emergency Order Callback Not Complied,True,False,,
2236577,N REDINGTON BEACH ASSOC LTD,17120 GULF BLVD,N REDINGTON BCH,2021-03-08,1,Inspection Completed - No Further Action,False,False,,
2236592,FRENCHYS SALTWATER CAFE,416 E SHORE DR,CLEARWATER BCH,2021-01-13,2,Inspection Completed - No Further Action,True,False,,
2236598,JOTO'S PIZZA PUB,8080 N 49 ST,PINELLAS PARK,2020-12-29,1,Inspection Completed - No Further Action,False,False,,
2236655,CHILI'S BAR & GRILL #105,5430 E BAY DR,CLEARWATER,2021-06-10,3,Inspection Completed - No Further Action,True,False,Basic - Ice buildup in walk-in freezer around frame of door.,
2236722,HAMPTON AT CLW DINING RM (THE),1099 MCMULLEN BOOTH RD,CLEARWATER,2020-11-02,1,Inspection Completed - No Further Action,False,False,-Accumulation of black mold-like substance in the interior of the ice machine. Manager protected ice and cleaned drop plate - soiled ice chute at soda dispenser . Employee cleaned ice chute,2025-07-10
2236759,SUBWAY #3956,1895 N HIGHLAND AVE STE 14,CLEARWATER,2021-03-23,1,Inspection Completed - No Further Action,False,False,,
2236770,BEACH SHANTY CAFE,397 MANDALAY AVE,CLEARWATER BCH,2020-08-05,1,Warning Issued,False,False,Ice scoop stored on towel when not in use.,
2236814,LARRY'S ICE CREAM & GELATO,6595 GULF BLVD,ST PETE BCH,2020-11-20,1,Inspection Completed - No Further Action,False,False,Employee handles ice cream cone with bare hands.,
2236835,BEACH PIZZA PLUS,18117 GULF BLVD,REDINGTON SHORES,2020-10-14,1,Inspection Completed - No Further Action,False,False,,
2236868,ATHENIAN GARDEN,6940 22 AVE N,ST PETERSBURG,2021-03-04,2,Inspection Completed - No Further Action,True,False,Ice dumped into hand wash sink in kitchen and dirty rag being stored on top of sink.,2025-10-01
2236880,MCDONALDS,925 N 62 AVE,ST PETERSBURG,2021-02-05,1,Inspection Completed - No Further Action,False,False,,
2236881,TACO BELL #3861,10749 PARK BLVD,SEMINOLE,2020-09-09,1,Inspection Completed - No Further Action,False,False,,
2236891,MCDONALDS #6952,5111 GULFPORT BLVD,GULFPORT,2020-07-29,1,Inspection Completed - No Further Action,False,False,,
2236892,SPORTS BAR & GRILL (THE),9685 BAY PINES BLVD,ST PETERSBURG,2021-04-19,3,Inspection Completed - No Further Action,True,False,,
2236904,MCDONALD'S #4122,4145 N 49 ST,ST. PETERSBURG,2020-09-24,1,Inspection Completed - No Further Action,False,False,Black/pink mold-like substance in the interior of the ice machine.,2025-10-06
2236920,TACO BELL #3880,1824 GULF TO BAY BLVD,CLEARWATER,2020-12-01,1,Inspection Completed - No Further Action,False,False,,
2236929,WONG LEE CHINESE CUISINE,1110 PINELLAS BAYWAY #101,TIERRA VERDE,2021-05-26,1,Inspection Completed - No Further Action,False,False,,
2236939,TACO BELL #3773,2456 MCMULLEN BOOTH RD,SAFETY HARBOR,2020-07-06,1,Inspection Completed - No Further Action,False,False,Ice du led in hand wash sink near drive through.,2025-12-29
2236966,SEA SEA RIDERS,221 MAIN ST,DUNEDIN,2021-01-27,1,Inspection Completed - No Further Action,False,False,Dust on walk in fan Basic - Unprotected ice machine in a customer/nonsecure area. Ice machine outside not locked.,
2237087,SEMINOLE SUBWAY #4632,11115 PARK BLVD,SEMINOLE,2020-10-02,1,Warning Issued,False,False,,
2237177,VARSITY CLUB (THE),24091 N US HWY 19,CLEARWATER,2020-09-11,2,Inspection Completed - No Further Action,True,False,,
2237190,KAHUNA'S BAR & GRILL,10515 GANDY BLVD,ST PETERSBURG,2021-02-17,6,"Call Back - Extension given, pending",True,False,,
2237191,SPORTS BAR & GRILL,1160 N 94 AVE,ST PETERSBURG,2021-02-23,3,Warning Issued,True,False,,
2237213,WATER COLOUR STEAK HOUSE AND GRILL,1201 GULF BLVD,CLEARWATER BEACH,2021-04-12,2,Inspection Completed - No Further Action,True,False,Accumulation of black/green mold-like substance in the interior of the ice machine/bin. White ice plate inside machine soiled. Floor in corner and beside ice machine in bar storage area.,
2237222,COLUMBIA RESTAURANT,1241 GULF BLVD,CLEARWATER BCH,2021-04-27,1,Warning Issued,False,False,Floor around bar ice machine soiled.,2026-02-11
2237226,PARKSIDE CAFE,8180 N 49 ST,PINELLAS PARK,2021-01-25,2,Inspection Completed - No Further Action,True,False,,
2237273,GONDOLIER PIZZA,674 S GULFVIEW BLVD,CLEARWATER BCH,2021-01-07,1,Inspection Completed - No Further Action,False,False,,
2237286,O'MADDYS BAR & GRILLE,5405 SHORE BLVD S,GULFPORT,2021-03-31,4,Emergency order recommended,True,False,"Live, small flying insects found 2 live flies behind bar near register area 1 live fly in ice machine area next to soda machines Operator cleaned area, killed all flies",2025-12-10
2237313,DIAMOND DOLLS,16361 N US HWY 19,CLEARWATER,2021-02-24,1,Inspection Completed - No Further Action,False,False,,
2237364,HUNGRY HOWIES #156,14219 WALSINGHAM RD,LARGO,2020-08-05,1,Inspection Completed - No Further Action,False,False,,
2237476,MARIO'S PIZZA,3993 TYRONE BLVD,ST PETERSBURG,2021-06-23,3,Inspection Completed - No Further Action,True,False,,
2237516,CENTRAL PIZZA & SUBS LLC 2891,6405 CENTRAL AVE,ST. PETERSBURG,2021-03-02,2,Inspection Completed - No Further Action,True,False,,
2237544,MARRIOTT KOKOMOS GRILL,1201 GULF BLVD,CLEARWATER BEACH,2020-07-29,1,Inspection Completed - No Further Action,False,False,,
2237545,CRABBY BILLS ST PETE BEACH,5100 GULF BLVD,ST PETE BCH,2021-04-12,3,Emergency Order Callback Complied,True,False,,
2237558,ANDYS ON THE BAY,472 DOUGLAS RD,OLDSMAR,2020-10-09,2,Warning Issued,True,False,,
2237562,MAYERION MYKONOS RESTAURANT,628 DODECANESE BLVD,TARPON SPRINGS,2020-08-12,1,Inspection Completed - No Further Action,False,False,,
2237571,FRANK'S,4201 N 62 AVE,PINELLAS PARK,2021-05-04,2,Administrative complaint recommended,True,False,,
2237692,VITO & MICHAELS,7704 BLIND PASS RD,ST PETE BCH,2021-03-24,2,Warning Issued,True,False,,
2237798,FRANKIES DELI,1969 SUNSET POINT RD #10,CLEARWATER,2020-11-10,1,Inspection Completed - No Further Action,False,False,,
2237809,BRENDA'S ON THE CAUSEWAY,314 CAUSEWAY BLVD,DUNEDIN,2020-07-28,1,Inspection Completed - No Further Action,False,False,,
2237812,HARVEY'S SANDWICH & SALADS,33839 N US HWY 19,PALM HARBOR,2020-10-05,1,Inspection Completed - No Further Action,False,False,"Accumulation of black/green mold-like substance in the interior of the ice machine/bin. Interior of ice machine has accumulation of black mold like substance Basic - Ceiling not smooth, nonabsorbent and easily cleanable in food preparation, food storage, or warewashing areas.",
2237829,MIKE'S PIZZA DELI STATION,13560 N 49 ST,CLEARWATER,2020-08-05,1,Administrative complaint recommended,False,False,,
2237869,KAYS FAMILY RESTAURANT INC,6475 CENTRAL AVE,ST PETERSBURG,2021-02-12,2,Inspection Completed - No Further Action,True,False,,
2237879,CLUBHOUSE RESTAURANT,10801 STARKEY RD  STE 24,LARGO,2021-03-10,1,Inspection Completed - No Further Action,False,False,"Customers must be escorted to restroom through food storage areas Basic - Unprotected ice machine in a customer/nonsecure area. Reach in cooler/freezers and ice machine in hallway leading to customer restrooms High Priority - Food-contact surfaces not sanitized after cleaning, before use.",
2237882,CHINA WOK,3433 N 49 ST,ST PETERSBURG,2020-09-29,2,Emergency order recommended,True,False,,
2237931,MCDONALD'S RESTAURANT #1939,40728 N 19 US HWY,TARPON SPGS,2020-09-11,1,Inspection Completed - No Further Action,False,False,,
2237949,JOEY BROOKLYN'S FAMOUS PIZZA KITCHEN,210 N 1ST AVE,ST PETERSBURG,2020-11-05,1,Inspection Completed - No Further Action,False,False,,
2237958,"READY, SET, YO!",409 GULF BLVD,INDIAN ROCKS BEACH,2020-08-21,1,Inspection Completed - No Further Action,False,False,Ice buildup in walk-in freezer entrance.,
2237959,PICKLES PLUS,2530 MCMULLEN BOOTH RD,CLEARWATER,2021-01-13,1,Inspection Completed - No Further Action,False,False,,
2237970,FERGS SPORTS BAR & GRILLE,1320 CENTRAL AVE,ST PETERSBURG,2021-05-28,4,Call Back - Complied,True,False,,
2237987,SKIDDERS RESTAURANT,5799 GULF BLVD,ST PETE BCH,2021-03-15,2,Inspection Completed - No Further Action,True,False,,
2238032,BOSTON MARKET #101,1847 ENTERPRISE RD,SAFETY HARBOR,2020-11-30,2,Inspection Completed - No Further Action,True,False,,
2238044,BOSTON MARKET #97,2300 GULF TO BAY BLVD,CLEARWATER,2020-08-28,1,Inspection Completed - No Further Action,False,False,,
2238099,FLORIDIAN (THE),230 107 AVE,TREASURE ISLAND,2021-02-19,2,Inspection Completed - No Further Action,True,False,Accumulation of black/green mold-like substance in the interior of the ice machine/bin.,
2238109,9 BANGKOK THAI RESTAURANT INC,571 CENTRAL AVE,ST PETERSBURG,2021-05-05,2,Emergency order recommended,True,False,Accumulation of black/green mold-like substance in the interior of the ice machine/bin. Interior of ice machine soiled with pink mold like substance.,
2238189,BOSTON MARKET #196,33163 N US HWY 19,PALM HARBOR,2021-02-15,4,Warning Issued,True,False,,
2238222,CAFE DE FRANCE,15225 GULF BLVD,MADEIRA BCH,2021-01-20,1,Inspection Completed - No Further Action,False,False,,
2238242,GREEK VILLAGE DELI & REST #117,11125 PARK BLVD,SEMINOLE,2020-09-18,2,Call Back - Complied,True,False,,
2238258,WESTSHORE PIZZA VIII,1346 TAMPA RD #302,PALM HARBOR,2020-11-03,2,Inspection Completed - No Further Action,True,False,,
2238263,CHILI'S GRILL & BAR #349,40584 N U S HWY 19,TARPON SPRINGS,2020-08-13,1,Inspection Completed - No Further Action,False,False,,
2238350,CHECKERS #660,100 S 34 ST,ST PETERSBURG,2021-01-21,1,Inspection Completed - No Further Action,False,False,Ice buildup in reach-in freezer and/or walk-in freezer across from grill flat top grill,2025-09-16
2238356,LOON FONG RESTAURANT,8150 N 49 STREET,PINELLAS PARK,2021-01-25,3,Inspection Completed - No Further Action,True,False,,
2238394,LA TERESITA,7101 N 66 ST,PINELLAS PARK,2021-03-10,2,Inspection Completed - No Further Action,True,False,Both Interior of microwave has accumulation of black substance/grease/food debris at cook line Basic - Clean ice bucket at service station not stored inverted or in a protected manner. Basic - Heavy Ice buildup in walk-in freezer. Ice cream not covered with two large spoons inside reach in freezer.…,
2238400,ORIGINAL PIZZA II,6175 N PARK BLVD,PINELLAS PARK,2021-03-30,2,Inspection Completed - No Further Action,True,False,,
2238411,THAI WOK RESTAURANT,11270 N 4 ST UNIT 214,ST PETERSBURG,2021-02-23,3,Call Back - Complied,True,False,,
2238439,PETE & SHORTY'S,2820 GULF TO BAY BLVD,CLEARWATER,2021-01-26,4,Warning Issued,True,False,Ice cubes inside hand wash sink at the bar.,
2238452,BOSTON MARKET #516,9595 N 4 ST,ST PETERSBURG,2021-05-20,5,Inspection Completed - No Further Action,True,False,,
2238459,TACO BELL #16507,32899 N US HWY 19,PALM HARBOR,2020-12-07,1,Inspection Completed - No Further Action,False,False,,
2238478,SANDBAR GRILL,2602 BAYSHORE BLVD,DUNEDIN,2021-02-22,2,Inspection Completed - No Further Action,True,False,Ice bucket not inverted in bar. Operator inverted ice bucket.,
2238504,VETTURE PIZZERIA,36137 EAST LAKE RD,PALM HARBOR,2021-03-17,2,Warning Issued,True,False,,
2238521,VILLA GALLACE RESTAURANT,109 GULF BLVD,INDIAN ROCKS BCH,2020-10-05,1,Inspection Completed - No Further Action,False,False,,
2238568,BOSTON MARKET #766,4001 E BAY DR,CLEARWATER,2021-06-24,6,Inspection Completed - No Further Action,True,False,,
2238573,ARBY'S #97,9597 N 4 ST,ST PETERSBURG,2020-12-01,1,Inspection Completed - No Further Action,False,False,,
2238580,CAFE ALFRESCO,344 MAIN ST,DUNEDIN,2020-12-10,2,Inspection Completed - No Further Action,True,False,Accumulation of black/green mold-like substance in the interior of the ice machine/bin. Ice machine located in outer breezeway.,
2238587,RED MESA,4912 N 4 ST,ST PETERSBURG,2021-01-11,2,Inspection Completed - No Further Action,True,False,,
2238661,KINNEY'S KITCHEN,3050 DREW ST,CLEARWATER,2021-04-24,1,Administrative complaint recommended,False,False,,
2238669,TACO BELL #17693,40976 N US HWY 19,TARPON SPRINGS,2020-09-16,1,Inspection Completed - No Further Action,False,False,Accumulation of black/grey mold-like substance in the interior of the ice chute and around nozzles in lobby. Around nozzles of ice machine,2025-09-04
2238676,HUNGRY HOWIES,1884 DREW ST,CLEARWATER,2020-11-09,2,Call Back - Complied,True,False,,
2238684,CARIBBEAN CAFE,4801 CENTRAL AVE,ST PETERSBURG,2021-04-28,1,Administrative complaint recommended,False,False,,
2238688,GINO NY STYLE PIZZERIA REST,35977 US HWY 19,PALM HARBOR,2021-02-23,3,Inspection Completed - No Further Action,True,False,,
2238691,BILLY'S STONECRAB STEAKHOUSE,1 COLLANY RD,TIERRA VERDE,2021-05-25,3,Emergency order recommended,True,False,,
2238720,CORNER BAR & GRILL,2116 E BAY DR,LARGO,2021-04-05,3,"Call Back - Extension given, pending",True,False,,
2238726,BOSTON MARKET #859,7820 N 113 ST,SEMINOLE,2021-01-07,1,Inspection Completed - No Further Action,False,False,,
2238747,DELECTABLES FINE CATERING,969 VIRGINIA AVE,PALM HARBOR,2021-01-26,4,Warning Issued,True,False,,
2238781,SUBWAY SANDWICHES & SALADS,2655 E BAY DR,LARGO,2020-10-30,1,Inspection Completed - No Further Action,False,False,,
2238832,TACO BELL #18575,5210 S 34 ST,ST PETERSBURG,2021-04-16,2,Inspection Completed - No Further Action,True,False,,
2238847,ITALIAN TOUCH INC,8211 46 AVE,ST PETERSBURG,2020-07-09,2,Warning Issued,True,False,,
2238861,AMICI ITALIAN EATERY,1901 W BAY DR S VILLAGE PLA,LARGO,2020-12-01,1,Inspection Completed - No Further Action,False,False,,
2238884,HABANA CAFE,5402 GULFPORT BLVD,GULFPORT,2021-02-04,2,Inspection Completed - No Further Action,True,False,Basic - Ice buildup in walk-in freezer on door handle Basic - Walk-in cooler and freezer shelves have rust that has pitted the surface.,
2238895,FOXY'S CAFE,160 107 AVE,TREASURE ISLAND,2021-01-07,2,Inspection Completed - No Further Action,True,False,Bin with ice French toast batter (68F - Cold Holding); pooled egg (69F - Cold Holding); Establishment added ice to the tray New temperature French toast batter (39F - Cold Holding); pooled egg (38F - Cold Holding); Pan near potatoes cooked onions cubes (68F - Cold Holding) Time/temperature control…,
2238897,PHILLY'S,4375 E BAY DR,CLEARWATER,2020-12-10,2,Inspection Completed - No Further Action,True,False,,
2238902,BACKFIN BLUE CAFE,2913 BEACH BLVD,GULF PORT,2021-06-10,2,Inspection Completed - No Further Action,True,False,,
2238903,ACROPOL FAMILY RESTAURANT,1170 STARKEY DR,LARGO,2021-02-12,2,Inspection Completed - No Further Action,True,False,,
2238910,ALFANO'S RESTAURANTS,1702 CLEARWATER LARGO RD,CLEARWATER,2021-04-22,1,Inspection Completed - No Further Action,False,False,,
2238951,SALT ROCK GRILL,19325 GULF BLVD,INDIAN SHORES,2020-09-09,1,Inspection Completed - No Further Action,False,False,Ice buildup in reach-in freezer. Ice cream freezer.,
2238952,PO FOLKS RESTAURANT,2001 34 ST N,ST PETERSBURG,2020-08-20,2,Inspection Completed - No Further Action,True,False,,
2238958,O'BISTRO,6661 CENTRAL AVE,ST PETERSBURG,2021-02-08,2,Warning Issued,True,False,,
2238962,GIGI'S ITALIAN RESTAURANT,4399 GULF BLVD,ST PETE BCH,2020-12-18,1,Inspection Completed - No Further Action,False,False,Basic - Unprotected ice machine in a customer/nonsecure area.,
2239003,STROKERS,30901 US HWY 19 N,PALM HARBOR,2021-04-16,4,Warning Issued,True,False,Missing ceiling tile near ice machine in bar and above walk in refrigerator.,2026-01-06
2239056,SHAKE SHOP,11920 GULF BLVD,TREASURE ISLAND,2020-09-04,1,Warning Issued,False,False,,
2239075,STEAK N SHAKE #314,2490 SR 580,CLEARWATER,2021-01-13,1,Inspection Completed - No Further Action,False,False,,
2239079,PAULS'S CHICAGO PIZZA,1500 MCMULLEN BOOTH RDA11,CLEARWATER,2021-01-19,1,Warning Issued,False,False,,
2239105,LONGHORN STEAKHOUSE OF LARGO,5375 EAST BAY DRIVE,LARGO,2021-02-24,2,Inspection Completed - No Further Action,True,False,,
2239120,MAMAS GREEK CUISINE,735 DODECANESE BLVD40&41,TARPON SPGS,2020-09-15,2,Inspection Completed - No Further Action,True,False,Operator put ice bags on food.,2026-01-21
2239140,TJ'S GOURMET PIZZA CAFE,1515 GULF BLVD,INDIAN ROCKS BCH,2021-05-26,2,Warning Issued,True,False,,
2239147,NORTONS BAR & GRILL,1824 MAIN ST,DUNEDIN,2020-12-08,2,Inspection Completed - No Further Action,True,False,Ice buckets.,
2239278,EDO JAPANESE TAPANYAKI STKHOUS,4500 N 66 ST,ST PETERSBURG,2021-05-05,6,Administrative complaint recommended,True,False,,
2239311,FORLINI'S RESTORANTE & BAR,435 MANDALAY AVE,CLEARWATER BCH,2020-11-24,1,Inspection Completed - No Further Action,False,False,,
2239368,MAMAS KITCHEN,5885 SEMINOLE BLVD,SEMINOLE,2021-02-15,2,Inspection Completed - No Further Action,True,False,Can opener blade soiled Ice chute on soda machine soiled,
2239370,STEAK N SHAKE #350,8101 DR MLK ST N,ST PETERSBURG,2021-02-01,6,Emergency order recommended,True,False,,
2239387,YAYAS FLAME BROILED CHICKEN,26988 US HWY 19,CLEARWATER,2021-04-23,3,Inspection Completed - No Further Action,True,False,,
2239436,JOTOS PIZZA,9119 S BELCHER RD,PINELLAS PK,2021-03-18,2,Inspection Completed - No Further Action,True,False,,
2239461,STUFFED MUSHROOM (THE),825 MAIN ST,SAFETY HARBOR,2021-01-20,1,Inspection Completed - No Further Action,False,False,,
2239498,CHICK-FIL-A,4241 N 4 ST,ST PETERSBURG,2021-03-01,2,Inspection Completed - No Further Action,True,False,,
2239577,POPEYES CHICKEN & BISCUITS #99,5950 PARK BLVD,PINELLAS PARK,2020-12-28,1,Inspection Completed - No Further Action,False,False,,
2239581,CAFE CIBO,8697 N 4 ST,ST PETERSBURG,2021-03-02,3,Warning Issued,True,False,,
2239605,PRO SHOP PUB,840 CLEVELAND ST,CLEARWATER,2021-04-06,1,Inspection Completed - No Further Action,False,False,,
2239624,MUZZIE'S ICE CREAM & SANDWICH SHOP,700 S PINELLAS AVE,TARPON SPGS,2021-01-12,2,Inspection Completed - No Further Action,True,False,,
2239628,QUEENS PIZZA & REST OF TARPON,40949 US HWY 19 N,TARPON SPGS,2021-01-25,2,Inspection Completed - No Further Action,True,False,,
2239770,MCDONALDS 10206,1661 S 4 ST,ST PETERSBURG,2020-11-19,1,Inspection Completed - No Further Action,False,False,,
2239826,ISLA DEL SOL YACHT - MAIN KITCHEN,6000 SUN BLVD,ST. PETERSBURG,2020-12-14,3,Call Back - Complied,True,False,- From initial inspection : Basic - Accumulation of black/green mold-like substance in the interior of the ice machine/bin. Ice machine located next to prep sink - From follow-up inspection 2026-06-02: Interior of nice machine next to prep sink still with red mold like substance.,
2239831,BACKWATERS ON SAND KEY,1261 GULF BLVD 129 130,CLEARWATER,2021-04-19,2,Inspection Completed - No Further Action,True,False,,
2239840,TARPON SPRINGS YACHT CLUB,350 N SPRING BLVD,TARPON SPGS,2021-01-29,2,Warning Issued,True,False,Accumulation of black/green mold-like substance in the interior of the ice machine and inside of door.,2025-12-19
2239857,HUNGRY HOWIES PIZZA,2109 MAIN ST,DUNEDIN,2020-10-27,1,Inspection Completed - No Further Action,False,False,,
2239864,ST PETERSBURG YACHT CLB BALLRM,11 CENTRAL AVE,ST PETERSBURG,2021-03-31,1,Inspection Completed - No Further Action,False,False,,
2239865,ST PETERSBURG YACHT CLUB MAIN,11 CENTRAL AVE,ST PETERSBURG,2021-03-31,2,Inspection Completed - No Further Action,True,False,,
2239896,CITY OF ST PETERSBURG COLISEUM,535 N 4 AVE,ST PETERSBURG,2021-05-14,1,Inspection Completed - No Further Action,False,False,Ice buildup in reach-in freezer and/or walk-in freezer. At the bottom of stand alone single door freezer next to ice machine.,2025-11-07
2239949,THIRSTY MARLIN GRILL & BAR,1023 FLORIDA AVE,PALM HARBOR,2020-07-30,2,Inspection Completed - No Further Action,True,False,,
2239955,EINSTEIN BROS BAGELS 3662,2519 N MCMULLEN BOOTH RD,CLEARWATER,2021-05-24,2,Inspection Completed - No Further Action,True,False,,
2239956,EINSTEIN BROS BAGELS 1288,33127 N US HWY 19,PALM HARBOR,2021-01-11,2,Inspection Completed - No Further Action,True,False,Ice bin cracked on ice machine .,
2239957,EINSTEIN BROS BAGELS 1473,1900 GULF TO BAY,CLEARWATER,2020-12-18,2,Inspection Completed - No Further Action,True,False,,
2239958,EINSTEIN BROS BAGELS 2084,9346 N 4 ST,ST PETERSBURG,2020-12-02,2,Inspection Completed - No Further Action,True,False,,
2239959,EINSTEIN BROS BAGELS 1219,11234 PARK BLVD,SEMINOLE,2020-11-06,1,Inspection Completed - No Further Action,False,False,Walk in freezer Basic - Ice buildup in reach-in freezer and/or walk-in freezer.,
2240006,RUBY TUESDAY # 7129,3138 TAMPA RD,OLDSMAR,2021-01-11,1,Inspection Completed - No Further Action,False,False,,
2240014,CRABBY'S DOCKSIDE,37 CAUSEWAY BLVD,CLEARWATER BEACH,2021-04-28,1,Inspection Completed - No Further Action,False,False,"Alfredo 51f, cooked pasta 50f, raw shrimp 48f, line drawer, closed lid and added ice.",2025-07-31
2240019,PANERA BREAD #3341,2285 ULMERTON RD,CLEARWATER,2021-01-15,2,Inspection Completed - No Further Action,True,False,,
2240035,CHINA GATE,12919 WALSINGHAM RD,LARGO,2020-09-24,1,Inspection Completed - No Further Action,False,False,,
2240056,PANERA BREAD #3342,10801 STARKEY RD UNIT 16A,LARGO,2020-10-05,1,Inspection Completed - No Further Action,False,False,,
2240058,ISLAND WAY GRILL,20 ISLAND WAY,CLEARWATER BCH,2021-04-22,2,Inspection Completed - No Further Action,True,False,Ice cream tubs.,2025-10-14
2240068,VARSITY CLUB,36355 E LAKE RD,PALM HARBOR,2021-02-08,2,Inspection Completed - No Further Action,True,False,,
2240094,FLORIDA FISHERMAN II BOAT,150 JOHNS PASS BOARDWALK,MADEIRA BCH,2021-04-19,1,Inspection Completed - No Further Action,False,False,,
2240108,MR SOUVLAKI RESTAURANT,802 N PINELLAS AVE,TARPON SPGS,2020-12-18,2,Inspection Completed - No Further Action,True,False,,
2240110,MYSTIC FISH SEAFOOD GRILL&BAR,3253 TAMPA RD,PALM HARBOR,2021-05-14,2,Inspection Completed - No Further Action,True,False,,
2240115,SONNY'S REAL PIT BBQ,3650 TYRONE BLVD,ST PETERSBURG,2020-09-22,2,Inspection Completed - No Further Action,True,False,,
2240120,KRISTINA'S CAFE,3590 N 34 ST,ST PETERSBURG,2020-11-10,4,Warning Issued,True,False,Accumulation of black/green mold-like substance in the interior of the ice machine/bin. Interior of ice machine in front of outer produce walk-in coolers with visible black mold-like substance.,2025-08-05
2240156,MIRAGE RESTAURANT,2284 GULF TO BAY BLVD,CLEARWATER,2021-02-09,2,Inspection Completed - No Further Action,True,False,,
2240167,CRACKER BARREL #481,2151 54 AVE N,ST. PETERSBURG,2021-03-08,2,Inspection Completed - No Further Action,True,False,Basic - Ice buildup in reach-in freezer and/or walk-in freezer. Ice buildup in multiple reach-in freezers on cook-line.,
2240213,SONNY'S REAL PIT BBQ,4385 PARK BLVD,PINELLAS PARK,2020-07-10,1,Inspection Completed - No Further Action,False,False,,
2240320,EGG PLATTER,6767 N 19 US HWY,PINELLAS PARK,2021-01-12,2,Inspection Completed - No Further Action,True,False,,
2240334,SUBWAY #25255,5901 SUN BLVD STE 111,ST PETERSBURG,2020-11-10,1,Administrative complaint recommended,False,False,,
2240342,SUNSET LOUNGE,6000 SUN BLVD,ST PETERSBURG,2021-06-17,2,Inspection Completed - No Further Action,True,False,,
2240346,SEMINOLE SUBS & GYROS,11599 N 66 ST,LARGO,2021-01-19,1,Inspection Completed - No Further Action,False,False,,
2240353,EVOS OF ST PETERSBURG,2631 4TH ST NORTH,ST PETERSBURG,2021-01-15,2,Inspection Completed - No Further Action,True,False,,
2240413,MARGUERITE'S CAFE & CATERING,405 PLAZA DR,DUNEDIN,2020-10-13,2,Inspection Completed - No Further Action,True,False,Interior of ice machine soiled with slime on soda machine.,2025-12-18
2240414,TIJUANA FLATS BURRITO COMPANY,944 N 4 ST,ST PETERSBURG,2021-01-11,1,Inspection Completed - No Further Action,False,False,Accumulation of black/green mold-like substance in the interior of the ice machine/bin. Ice bin soiled with black mold like substance of Soda machine dispenser in front counter.,2025-09-29
2240424,EAGLES NEST LOUNGE (THE),1208 N PINELLAS AVE,TARPON SPGS,2020-09-25,1,Warning Issued,False,False,,
2240425,YOUR PIZZA SHOP,1200 8 AVE,LARGO,2020-08-04,1,Inspection Completed - No Further Action,False,False,,
2240432,PANERA BREAD #3345,1908 N 4 ST,ST. PETERSBURG,2021-01-19,2,Inspection Completed - No Further Action,True,False,,
2240443,STEAK N SHAKE #492,3853 TAMPA RD,OLDSMAR,2020-12-21,2,Inspection Completed - No Further Action,True,False,,
2240450,WAHOO'S WATERSIDE PUB & PATIO,17801 GULF BLVD,REDINGTON SHORES,2020-10-07,1,Inspection Completed - No Further Action,False,False,,
2240473,BEACH PIZZA PLUS,5411 SEMINOLE BLVD,SEMINOLE,2021-01-12,1,Warning Issued,False,False,,
2240499,CAJUN CAFE & GRILL,27001 N US HWY 19 #2082,CLEARWATER,2021-02-15,1,Inspection Completed - No Further Action,False,False,,
2343202,CAFE CALADESI, CALADESI ISLAND,DUNEDIN,2021-02-08,1,Inspection Completed - No Further Action,False,False,Ice bucket not inverted near hand sink.,
2345604,CHILI'S BAR AND GRILL,13359 SEMINOLE BLVD,LARGO,2021-04-13,5,Inspection Completed - No Further Action,True,False,,
2423785,CHATTERBOX FAMILY RESTAURANT,405 PATRICIA AVE,DUNEDIN,2020-12-16,2,Inspection Completed - No Further Action,True,False,,
2424360,REGENCY OAKS ILF SOUTH,2701 REGENCY OAKS BLVD.,CLEARWATER,2021-05-14,3,Warning Issued,True,False,,
2424394,REGENCY OAKS ILF NORTH,2751 REGENCY OAKS BLVD,CLEARWATER,2020-10-23,1,Inspection Completed - No Further Action,False,False,,
2424442,TAVERN ON THE OAKS,2751 REGENCY OAKS BLVD,CLEARWATER,2021-03-25,3,Inspection Completed - No Further Action,True,False,,
2426310,UNDERTOW BEACH BAR,3850 GULF BLVD,ST.PETE BEACH,2020-08-10,1,Inspection Completed - No Further Action,False,False,,
2430692,CALIFORNIA CICCIO,190 NORTH 37TH AVENUE,ST. PETERSBURG,2021-01-21,3,Warning Issued,True,False,Items are being held on ice at the top section of the reach-in cooler.,2025-07-22
2430809,CERTEGY CAFE,11601 ROOSEVELT BLVD,ST. PETERSBURG,2021-02-03,2,Inspection Completed - No Further Action,True,False,,
2431997,FRENCHY'S SOUTH BEACH CAFE,351 GULFVIEW BLVD,CLEARWATER BEACH,2021-04-13,1,Inspection Completed - No Further Action,False,False,Accumulation of black/green mold-like substance in the interior of the ice machine/bin.,
2432550,PANERA BREAD #3347,2926 W BAY DR,LARGO,2020-07-09,1,Inspection Completed - No Further Action,False,False,,
2433306,PANERA BREAD,3181 CURLEW ROAD,OLDSMAR,2020-11-09,1,Inspection Completed - No Further Action,False,False,,
2442356,FIRE HOUSE SUBS,4394 PARK BLVD,PINELLAS PARK,2020-08-18,1,Inspection Completed - No Further Action,False,False,,
2452471,WHARF,2001 PASS-A-GRILLE WAY,ST PETE BEACH,2021-04-14,2,Warning Issued,True,False,,
2454340,CHICK-FIL-A,10790 PARK BLVD,SEMINOLE,2021-02-02,1,Inspection Completed - No Further Action,False,False,,
2454934,A.J.'S SPORTS BAR & GRILL,7210 ULMERTON RD STE. A,LARGO,2021-05-03,1,Inspection Completed - No Further Action,False,False,Interior of ice machine accumulated with brown substance on white plastic plate.,
2459153,MAGGIE MAE'S SUNRISE CAFE,1261 GULF BLVD STE 104,CLEARWATER BEACH,2020-08-17,1,Warning Issued,False,False,,
2482057,DAIRY QUEEN,2046 GULF TO BAY BLVD,CLEARWATER,2020-09-30,1,Inspection Completed - No Further Action,False,False,,
2486883,HONG KONG TAKE OUT,4935 GULFPORT BLVD,GULF PORT,2020-12-17,2,Emergency order recommended,True,False,,
2489748,SUBWAY #25865,2006 DREW ST,CLEARWATER,2020-09-24,1,Warning Issued,False,False,,
2498975,SUBWAY 29294,1444A BELCHER ROAD,CLEARWATER,2021-04-28,6,Inspection Completed - No Further Action,True,False,,
2501258,THAI BASIL WESTBAY,1700 WEST BAY DRIVE,LARGO,2021-01-14,2,Warning Issued,True,False,,
2508496,DAIQUIRI SHAK RAW BAR AND GRILL,14995 GULF BLVD SUITE A,MADEIRA BEACH,2021-01-26,2,Inspection Completed - No Further Action,True,False,Accumulation of black/green mold-like substance in the interior of the ice machine/bin.,2025-09-22
2513363,EAST LAKE CAFE,3430 EAST LAKE RD,PALM HARBOR,2021-04-28,2,Inspection Completed - No Further Action,True,False,"Scrambled egg mix 50F cold held in a deep container set in a shallow pan of ice,corned beef hash 46F cold held, turkey slices 48F, shredded cheddar 42F cold hold cold hold.",2025-12-29
2515128,SUBWAY 32063,308 3 ST S,ST PETERSBURG,2020-09-09,1,Warning Issued,False,False,,
2517134,PANERA BREAD #3350,2679 GULF TO BAY,CLEARWATER,2020-11-25,2,Warning Issued,True,False,,
2522223,LOUIS PAPPAS MARKET CAFE,2560C MCMULLEN BOOTH RD,CLEARWATER,2021-02-03,2,Emergency order recommended,True,False,,
2527668,MOE'S SOUTHWEST GRILL,11140 STARKEY RD,LARGO,2021-02-18,4,Call Back - Complied,True,False,,
2535343,LONGHORN STEAKHOUSE,35645 US HWY 19,PALM HARBOR,2021-01-28,2,Inspection Completed - No Further Action,True,False,,
2537325,RUMBA ISLAND BAR & GRILL,1800 GULF TO BAY BLVD,CLEARWATER,2020-11-13,2,Warning Issued,True,False,Cutting board has cut marks and is no longer cleanable at cook line and expo / salad station area Basic - Ice scoop handle in contact with ice at the inside bar and wait station areas . Manager relocated ice scoop Basic - In-use utensil stored in standing water less than 135 degrees Fahrenheit.,
2540406,GREEK ISLAND RESTAURANT,1501 CLEARWATER LARGO RD,LARGO,2020-10-26,1,Inspection Completed - No Further Action,False,False,,
2544488,GRILLSMITH,2539 COUNTRYSIDE BLVD #6,CLEARWATER,2021-03-17,3,Warning Issued,True,False,Accumulation of black/green mold-like substance in the interior of the ice machine/bin. Observed a mold like substance in the ice machine bin at time of inspection.,2025-12-11
2548736,JIMMYS FISH HOUSE AND IGUANA BAR,521 S GULFVIEW BLVD,CLEARWATER BEACH,2021-04-02,2,Warning Issued,True,False,Exterior ice bin lids.,
2551147,CASA LUDOVICO,1710 ALT 19 N,PALM HARBOR,2021-06-10,2,Warning Issued,True,False,,
2553521,THE OZONA PIG,311 ORANGE ST,PALM HARBOR,2020-12-01,2,Inspection Completed - No Further Action,True,False,Accumulation of black/green mold-like substance in the interior of the ice machine/bin. Interior of ice machine soiled. Operator cleaned interior of ice machine.,2026-01-21
2554581,DELOSA'S PIZZERIA  AND RESTAURANT,12800 VILLAGE BLVD,MADEIRA BEACH,2021-04-19,4,Call Back - Complied,True,False,,
2569770,TIJUANA FLATS #114,2117 66TH STREET NORTH,ST. PETERSBURG,2021-04-05,3,Warning Issued,True,False,Cojita cheese (46F - Cold Holding); salsa (44F - Cold Holding); cut tomatoes (45F - Cold Holding); shredded lettuce (45F - Cold Holding); shredded cheese (44F - Cold Holding); Operator placed items in walk in to cool and on ice Retemped at Salsa (39F - Cold Holding); cojita cheese (36F - Cold…,2025-09-05
2575721,CHICK - FIL - A #668,3423 ULMERTON RD,CLEARWATER,2021-02-01,1,Warning Issued,False,False,,
2578118,LIBERTY LANES,11401 STARKEY RD,LARGO,2021-01-07,1,Administrative complaint recommended,False,False,Accumulation of black/green mold-like substance in the interior of the ice machine/bin.,
2586068,SUBWAY #25866,11180 N 66 ST,PINELLAS PARK,2020-08-13,1,Inspection Completed - No Further Action,False,False,,
2591187,CELEBRATION STATION,24546 N US HWY 19,CLEARWATER,2021-04-15,2,Call Back - Complied,True,False,,
2598022,CHINA WOK,35611 US HWY 19 N,PALM HARBOR,2021-01-28,1,Inspection Completed - No Further Action,False,False,,
2617778,PIZZA VENDOR,601 OLD COACHMAN RD,CLEARWATER,2021-03-10,1,Inspection Completed - No Further Action,False,False,,
2617781,RIGHT FIELD/RECEIVING,601 OLD COACHMAN RD,CLEARWATER,2021-03-10,1,Inspection Completed - No Further Action,False,False,"Ice buckets not inverted near ice machines in receiving area . Manager inverted ice buckets Basic - Employee personal items ( backpacks and jackets) stored in or above a food preparation area, food, clean equipment and utensils, or single-service items in receiving area .",
2617882,CHILI'S GRILL & BAR,3701 TAMPA RD,OLDSMAR,2021-04-27,2,Inspection Completed - No Further Action,True,False,,
2621739,NIAGARA TAP,11950 SEMINOLE BLVD,LARGO,2021-04-22,2,Inspection Completed - No Further Action,True,False,,
2629896,COURTSIDE GRILLE,110 FOUNTAIN PKWY N,ST PETERSBURG,2021-04-14,5,"Call Back - Extension given, pending",True,False,Accumulation of black mold-like substance in the interior of the ice machine. Basic - Food storage container cracked on dry storage rack plastic containers Basic - Ice buildup in reach-in freezer at left bar used for cups Basic - In-use knife/knives stored in cracks between pieces of equipment.…,
2631831,DUNEDIN BREWERY,937 DOUGLAS AVE,DUNEDIN,2020-10-08,2,"Call Back - Extension given, pending",True,False,Under cook line Basic - Ice buildup in reach-in freezer and/or walk-in freezer.,
2725158,MASSIMO'S,31876 N. US . HWY 19,PALM HARBOR,2021-06-15,2,Inspection Completed - No Further Action,True,False,Accumulation of black/green mold-like substance in the interior of the ice machine/bin. Interior of ice machine has accumulation of mold like substance.,
2766268,DAIRY INN,1201 9 ST N,ST. PETERSBURG,2021-01-12,2,Inspection Completed - No Further Action,True,False,,
2773537,EL TENAMPA,1800 16 ST N,ST. PETERSBURG,2021-01-05,4,Call Back - Complied,True,False,Accumulation of black/green mold-like substance in the interior of the ice machine/bin. Interior of ice machine on South end of server station with black mold like substance.,
2790571,VICTORS KITCHEN FAMILY RESTAURANT,5571 PARK BLVD,PINELLAS PARK,2021-02-24,2,Inspection Completed - No Further Action,True,False,,
2795353,BLUE FUGU,4615 GULF BLVD,ST.PETE BEACH,2020-12-17,1,Inspection Completed - No Further Action,False,False,,
2820888,NATURE'S TABLE,900 CARILLON PARKWAY,ST. PETERSBURG,2021-01-15,3,Warning Issued,True,False,,
2836835,BREAD AND BUTTER DELI,1880 ALT 19 S,TARPON SPRINGS,2021-01-05,3,Inspection Completed - No Further Action,True,False,,
2852223,SUNSET SUPER SUB,23688 N US HWY 19,CLEARWATER,2020-12-01,2,Inspection Completed - No Further Action,True,False,- ice chute at self service station soiled Reviewed with manager,2025-07-11
2879134,MILLER'S ALE HOUSE INC,7901 DR MARTIN LUTHER KING ST N,ST. PETERSBURG,2021-01-06,5,Call Back - Complied,True,False,Ice buildup in walk-in freezer.,2025-12-08
2891476,POBLANO MEXICAN GRILL & BAR,2541 MCMULLEN BOOTH RD STE C,CLEARWATER,2021-03-22,1,Warning Issued,False,False,,
2892301,TWISTEE TREAT,6900 GULF BLVD,ST.PETE BEACH,2020-10-16,1,Inspection Completed - No Further Action,False,False,-torn gasket on reach in cooler near service window - From follow-up inspection 2026-05-28: Basic - - From initial inspection : Basic - Ice buildup in reach-in freezers used for ice cream.,
2933961,MICKEY QUINN'S,13071 PARK BLVD,SEMINOLE,2020-09-29,1,Inspection Completed - No Further Action,False,False,,
2937777,FAT DADDY'S,1780 MAIN ST,DUNEDIN,2021-01-20,1,Inspection Completed - No Further Action,False,False,,
2949437,THE BAWARCHIE INDIAN CUISINE,34832 US HWY 19 N,PALM HARBOR,2020-11-18,1,Inspection Completed - No Further Action,False,False,,
2956274,STIX BILLIARDS,38529 US HWY 19 N,PALM HARBOR,2021-04-13,2,Inspection Completed - No Further Action,True,False,,
2983630,NEW CHINA RESTAURANT,928 58 ST N,ST PETERSBURG,2020-12-14,1,Inspection Completed - No Further Action,False,False,,
2988775,SEAWEED,2819 WEST BAY DR,BELLEAIR BLUFFS,2020-12-16,1,Inspection Completed - No Further Action,False,False,,
2994383,SAFETY HARBOR RESORT& KITCHEN,105 N BAYSHORE DR,SAFETY HARBOR,2021-04-13,2,Inspection Completed - No Further Action,True,False,,
3005224,TILLY'S PAYDAY  CAFE,100 S MISSOURI AVE,CLEARWATER,2021-02-19,1,Inspection Completed - No Further Action,False,False,,
3008415,BLUE PARROTT,85 COREY CIR,ST.PETE BEACH,2021-05-17,5,Call Back - Complied,True,False,,
3022927,NORTON'S SOUTHSIDE SPORTS BAR,115 N STARCREST DR,CLEARWATER,2021-03-19,2,Inspection Completed - No Further Action,True,False,,
3024528,CHILI'S GRILL & BAR,7250 HWY 19 N,PINELLAS PARK,2021-01-26,2,Inspection Completed - No Further Action,True,False,,
3027856,OZONA BLUE GRILLING COMPANY,125 ORANGE ST SOUTH,PALM HARBOR,2021-01-21,2,Inspection Completed - No Further Action,True,False,"Service counter - pico (50F - Cold Holding), held in ice bath, staff added ice Intermediate - Clams/mussels/oysters tag removed from original container prior to container being emptied.tags for fresh mussels not kept with batch in reach in cooler on cook line Intermediate - Handwash sink not…",
3051346,THE BRASS MONKEY,709 GULFWAY STE 200,ST.PETE BEACH,2021-05-28,3,Warning Issued,True,False,Uncovered beverage on shelf over cutting boards on cook line Basic - Ice scoop handle in contact with ice. Drink ice well at bar Basic - Plumbing system in disrepair.,
3073188,BUFFALO CITY TAKE OUT GRILL,5639 PARK ST N,ST. PETERSBURG,2021-01-26,4,"Call Back - Extension given, pending",True,False,,
3083252,SONIC DRIVE IN OF PINELLAS PARK,7725 49 ST,PINELLAS PARK,2020-08-10,1,Inspection Completed - No Further Action,False,False,,
3103339,QUEENS PIZZA,1834 N BELCHER RD,CLEARWATER,2020-12-17,2,Inspection Completed - No Further Action,True,False,,
3104485,PANERA BREAD #3353,7380 HWY 19 N,PINELLAS PARK,2020-10-01,2,Inspection Completed - No Further Action,True,False,,
3114043,CHIPOTLE MEXICAN GRILL #762,2662 GULF TO BAY BLVD,CLEARWATER,2021-02-10,2,Inspection Completed - No Further Action,True,False,,
3131917,DADDY'S BAR & GRILL,3682 TAMPA RD,OLDSMAR,2021-03-16,3,Warning Issued,True,False,,
3138452,QUE PASA MEXICAN CANTINA,10478 ROOSEVELT BLVD,ST. PETERSBURG,2021-05-25,7,Emergency Order Callback Not Complied,True,False,,
3138607,PIEROGI GRILL & STEAKHOUSE,1535 GULF TO BAY BLVD,CLEARWATER,2021-06-08,4,Warning Issued,True,False,- From initial inspection : Basic - Ice buildup in doorway of walk-in freezer.,2026-02-12
3140899,JET'S PIZZA,1350 MAIN ST,DUNEDIN,2020-10-13,1,Inspection Completed - No Further Action,False,False,,
3157735,THE PEARL RESTAURANT,163 107 AVE,TREASURE ISLAND,2020-12-22,1,Inspection Completed - No Further Action,False,False,,
3168823,PIZZA SHACK,11963 INDIAN ROCKS RD,LARGO,2020-09-29,1,Inspection Completed - No Further Action,False,False,Drink ice well at entrance to bar adjacent to customer walking path not protected High Priority - Employee touching ready-to-eat food with their bare hands - food was not being heated as a sole ingredient to 145 degrees F or immediately added to other ingredients to be cooked/heated to the minimum…,
3172921,THE ORIGINAL MAMA MARIA'S GREEK CUISINE,503 N PINELLAS AVE,TARPON SPRINGS,2020-08-31,2,Call Back - Complied,True,False,,
3179678,MOE'S SOUTHWEST GRILL #434,2683 ROOSEVELT BLVD,CLEARWATER,2021-01-14,1,Inspection Completed - No Further Action,False,False,,
3182236,WESTSHORE PIZZA XXXIII,7651 STARKEY RD,LARGO,2020-11-16,1,Inspection Completed - No Further Action,False,False,Ice chute on soda machine soiled Intermediate - No paper towels or mechanical hand drying device provided at handwash sink.,
3182386,COURIGAN'S,1 BEACH DR SE #41,ST. PETERSBURG,2021-01-05,4,"Call Back - Extension given, pending",True,False,,
3187326,BELLA VINO,100 INDIAN ROCKS RD STE F,BELLEAIR BLUFFS,2021-03-19,1,Inspection Completed - No Further Action,False,False,,
3201919,SUBWAY #38887,41220 US HWY 19 N,TARPON SPRINGS,2020-11-19,1,Warning Issued,False,False,,
3243192,CRISTINO'S RESTAURANT,1101 S FT HARRISON,CLEARWATER,2021-02-10,1,Inspection Completed - No Further Action,False,False,- soiled ice chute at front line beverage station,
3250468,PARKSHORE GRILL,"300 BEACH DR NE, #104",ST. PETERSBURG,2021-03-25,3,Call Back - Complied,True,False,Accumulation of black/green mold-like substance in the interior of the ice machine/bin.,
3256775,PAPA JOHNS PIZZA #2114,3460 E LAKE RD,PALM HARBOR,2020-10-05,1,Inspection Completed - No Further Action,False,False,,
3256782,PAPA JOHNS PIZZA #662,5170 N 66 ST,ST PETERSBURG,2021-04-21,1,Inspection Completed - No Further Action,False,False,,
3268299,GINO'S NEW YORK PIZZERIA,3394 TAMPA RD,PALM HARBOR,2020-12-02,1,Inspection Completed - No Further Action,False,False,,
3269198,EDY'S ICE CREAM,210 JOHN'S PASS BOARD WALK,MADEIRA BEACH,2020-10-21,1,Inspection Completed - No Further Action,False,False,,
3269311,BJ'S RESTAURANT & BREWHOUSE 460,3800 PARK BLVD,PINELLAS PARK,2021-03-01,2,Administrative complaint recommended,True,False,,
3281392,SLEEP INN,3939 ULMERTON RD,CLEARWATER,2020-11-13,1,Inspection Completed - No Further Action,False,False,,
3297248,SPENCER REVOVERY CENTER,7290 BAY ST,ST.PETE BEACH,2021-01-07,2,Warning Issued,True,False,,
3312943,SARKU JAPAN,27001 HWY 19 N  SPACE 2087,CLEARWATER,2020-12-14,2,Inspection Completed - No Further Action,True,False,,
3316931,PIA'S,3054 BEACH BLVD S,GULF PORT,2021-03-31,2,Inspection Completed - No Further Action,True,False,,
3320766,CHINA KING,9394 OAKHURST RD,SEMINOLE,2021-02-09,1,Inspection Completed - No Further Action,False,False,All hood filters removed from cook line for cleaning Basic - Ice buildup in reach-in freezer and/or walk-in freezer.,
3321378,QUICK RED FOX,2140 DREW ST STE H,CLEARWATER,2020-11-24,1,Warning Issued,False,False,,
3326284,SUBWAY #18927,30543 US HWY 19 N,PALM HARBOR,2020-08-12,1,Warning Issued,False,False,,
3343340,POLLO TROPICAL #83,3900 PARK BLVD,PINELLAS PARK,2021-01-11,2,Inspection Completed - No Further Action,True,False,,
3359818,LUCKY STAR HONG KONG,4175 66 ST N,ST PETERSBURG,2021-04-27,2,Inspection Completed - No Further Action,True,False,,
3361645,MEDITERAN RESTAURANT,6500 4 ST N,ST. PETERSBURG,2020-11-09,1,Inspection Completed - No Further Action,False,False,,
3367281,YANKEE BEAN,901 S PINELLAS AVE,TARPON SPRINGS,2020-09-29,1,Inspection Completed - No Further Action,False,False,,
3367945,DUNEDIN'S CRICKETERS,2634 BAYSHORE BLVD,DUNEDIN,2020-12-07,2,Inspection Completed - No Further Action,True,False,,
3373345,BROS PIZZA,547 S FT HARRISON AVE,CLEARWATER,2021-04-02,3,Call Back - Complied,True,False,,
3378601,SUNSET CAFE AND BEACH BAR,12000 GULF BLVD,TREASURE ISLAND,2021-01-08,2,Inspection Completed - No Further Action,True,False,,
3383988,SNEAKY'S SPORTS BAR & GRILL,7500 ULMERTON RD STE 31,LARGO,2021-04-28,1,Inspection Completed - No Further Action,False,False,,
3385750,MARISCOS EL PULPO II,8740 SEMINOLE BLVD,SEMINOLE,2021-03-02,1,Inspection Completed - No Further Action,False,False,"Ice in kitchen hand sink, used as dump sink Use of cooking equipment producing grease laden vapors/smoke with no hood suppression system installed.",
3404140,LAGERHAUS BREWERY & GRILL,3438 EAST LAKE RD,PALM HARBOR,2021-06-04,3,Warning Issued,True,False,,
3404803,GULF PIER (2),3500 PINELLAS BAYWAY S,TIERRA VERDE,2021-05-25,2,Inspection Completed - No Further Action,True,False,,
3404822,FORT GIFT SHOP (3),3500 PINELLAS BAYWAY S,TIERRA VERDE,2021-05-07,2,Warning Issued,True,False,,
3404836,NORTH BEACH (4),3500 PINELLAS BAYWAY S,TIERRA VERDE,2021-05-25,1,Inspection Completed - No Further Action,False,False,,
3406225,SHOW QUEEN CRUISES,25 CAUSEWAY BLVD,CLEARWATER,2020-07-22,1,Inspection Completed - No Further Action,False,False,Accumulation of black/green mold-like substance in the interior of the ice machine/bin.,
3408684,HUNGRY HOWIES PIZZA AND SUBS,6570 CENTRAL AVE,ST. PETERSBURG,2021-01-14,3,Warning Issued,True,False,,
3434159,MIDDLE GROUNDS GRILL,10925 GULF BLVD,TREASURE ISLAND,2021-01-04,1,Inspection Completed - No Further Action,False,False,,
3449671,FORTUNATO'S ITALIAN PIZZERIA,7700 STARKEY RD,SEMINOLE,2021-02-12,2,Inspection Completed - No Further Action,True,False,,
3465326,SCULLEY'S,190 JOHN'S PASS BOARDWALK,MADEIRA BEACH,2021-03-10,2,Inspection Completed - No Further Action,True,False,,
3465372,THE HUT TIKI BAR,195 JOHN'S PASS BOARDWALK,MADEIRA BEACH,2021-03-10,2,Inspection Completed - No Further Action,True,False,,
3475263,SANDRA'S BAVARIAN HOUSE,7115 GULF BLVD,ST PETE BEACH,2021-06-10,2,Inspection Completed - No Further Action,True,False,,
3496054,GYRO KING SUB'S AND SALADS,2671 ALT 19,PALM HARBOR,2021-02-04,4,Inspection Completed - No Further Action,True,False,Basic - Ice buildup in walk-in freezer.,
3504729,LEVEROCK'S SEAFOOD HOUSE,840 S PASADENA AVE,SOUTH PASADENA,2021-02-03,2,Administrative complaint recommended,True,False,- From initial inspection : Basic - Beverage tubing/cold plate not separated from stored ice in bar area - From follow-up inspection 2025-08-08: - From follow-up inspection 2025-08-08:,2025-08-08
3518312,CHINA STAR,1762 22 ST S,ST PETERSBURG,2021-05-25,2,Inspection Completed - No Further Action,True,False,,
3518322,DUNKIN DONUTS / BASKIN ROBBINS,2551 GULF TO BAY BLVD,CLEARWATER,2020-09-30,5,Emergency Order Callback Not Complied,True,False,"- From initial inspection : Basic - Ice buildup in walk in freezer on the door area - From follow-up inspection 2026-05-18: Ice build up around frame of walk in freezer door . Per manager, ice is removed daily . Service provided and in process of trouble shooting ice build up issue .",
3518330,DUNKIN DONUTS / BASKIN ROBBINS,3515 E BAY DR,LARGO,2021-05-05,3,Warning Issued,True,False,,
3518574,COSTAS RESTAURANT,521 ATHENS STREET,TARPON SPRINGS,2021-01-28,3,Call Back - Complied,True,False,"In reach in cooler on cook line -); gyro (46F - Cold Holding)in cooler overnight, pan on top of other pans, above fill line, operator moved to freezer Walk in cooler - raw beef (45F - Cold Holding);Greek lasagna (45F - Cold Holding); cooked potatoes (44F - Cold Holding); chicken soup (45F - Cold…",
3539261,BARDMOOR GOLF & TENNIS CLUB,8001 CUMBERLAND DR,LARGO,2021-02-16,2,Inspection Completed - No Further Action,True,False,"Boxes of fries on floor in walk in freezer, staff relocated Basic - Ice buildup in or walk-in freezer.",
3539283,BAYOU CLUB,7979 BAYOU CLUB BLVD,LARGO,2021-03-10,2,Inspection Completed - No Further Action,True,False,,
3541371,THE FROG POND,7390 GULF BLVD,ST.PETE BEACH,2021-01-06,2,Inspection Completed - No Further Action,True,False,,
3553867,SEMINOLE SUBS & GYROS,11775 SEMINOLE BLVD,LARGO,2020-12-04,1,Warning Issued,False,False,Rear kitchen door Basic - Ice buildup in reach-in freezer and/or walk-in freezer.,
3570575,TIJUANA FLATS BURRITO COMPANY,7880 US HWY 19,PINELLAS PARK,2021-04-01,2,Warning Issued,True,False,,
3585896,DOCKSIDE DAVES,14701 GULF BLVD,MADEIRA BEACH,2021-04-12,3,Inspection Completed - No Further Action,True,False,,
3597159,ICHIBAN JAPANESE RESTAURANT & SUSHI BAR,2050 16TH ST NORTH,ST. PETERSBURG,2021-02-09,3,Call Back - Complied,True,False,,
3611180,LANSBROOK GOLF CLUB,4605 VILLAGE CENTER DR,PALM HARBOR,2021-01-21,2,Warning Issued,True,False,,
3641744,CHINA KING,3163 CURLEW RD #3,OLDSMAR,2021-04-27,4,Call Back - Complied,True,False,,
3644984,DUNKIN DONUTS,3720 TAMPA RD,OLDSMAR,2021-04-26,2,Call Back - Complied,True,False,,
3644989,DUNKIN DONUTS/BASKIN ROBBINS,33240 US HWY 19 N,PALM HARBOR,2021-04-28,3,Warning Issued,True,False,,
3645043,FAMOUS GREEK SALADS & SANDWICHES,2508 A MCMULLEN BOOTH RD,CLEARWATER,2021-01-19,1,Inspection Completed - No Further Action,False,False,Staff placing food on ice.,2025-07-14
3652597,CODY'S ORIGINAL ROADHOUSE,2890 WEST BAY DR,BELLEAIR BLUFFS,2021-03-01,1,Inspection Completed - No Further Action,False,False,,
3654896,INTERNATIONAL HOUSE OF PANCAKES 36-189,4199 34 ST S,ST. PETERSBURG,2021-04-27,5,Warning Issued,True,False,Basic - Ice buildup in reach-in freezer and/or walk-in freezer. Ice buildup inside reach-in freezer across from cook-line.,
3654902,INTERNATIONAL HOUSE OF PANCAKES 36-190,7800 ULMERTON RD,LARGO,2021-01-06,1,Inspection Completed - No Further Action,False,False,- From initial inspection : Basic - Ice buildup in reach-in freezer on the cook line. - From follow-up inspection 2025-09-16: Ice build up still built up,2025-09-16
3656733,KOBE JAPANESE STEAK HOUSE OF CLEARWATER LLC,28775 N US 19,CLEARWATER,2021-05-26,2,Inspection Completed - No Further Action,True,False,,
3666940,CAPPYS PIZZERIA,2900 1 AVE N,ST. PETERSBURG,2020-12-07,1,Inspection Completed - No Further Action,False,False,,
3669567,CHIANG MAI,415 CLEVELAND ST,CLEARWATER,2020-08-18,1,Call Back - Admin. complaint recommended,False,False,Ice buildup in reach-in freezer near walk in cooler,2026-01-21
3674274,TIJUANA FLATS BURRITO CO,3687 TAMPA RD #203,OLDSMAR,2020-11-16,2,Call Back - Complied,True,False,,
3676725,CASA TINA MEXICAN GRILL,365 MAIN ST,DUNEDIN,2021-04-13,4,Call Back - Admin. complaint recommended,True,False,,
3688269,THE BOARDWALK GRILL,205 BOARDWALK PL E,MADEIRA BEACH,2020-10-13,1,Inspection Completed - No Further Action,False,False,"Ice in hand sink on cook line, used as dump sink",
3695840,EINSTEIN BROS BAGELS #3452,5395 E BAY DR STE 104,CLEARWATER,2021-04-20,3,Inspection Completed - No Further Action,True,False,,
3697387,RESIDENCE INN BY MARRIOTT,11908 GULF BLVD,TREASURE ISLAND,2020-08-24,1,Inspection Completed - No Further Action,False,False,,
3706447,HALONG BAY VIETNAMESE CUISINE,5944 34 ST N. STE 39-43,ST. PETERSBURG,2021-03-19,3,Warning Issued,True,False,Temperature taken at 1:30 PM cut lettuce (55F - Cold Holding) cut tomato (55F - Cold Holding) sprouts (55F - Cold Holding) Manager placed items on ice.,2025-07-29
3717503,OLYMPIA BAKERY INCORPORATED,255 BEACH DR NE,ST. PETERSBURG,2021-05-11,1,Administrative complaint recommended,False,False,,
3726284,SEMINOLE SUBS & GYROS III,1001 S MISSOURI AVE,CLEARWATER,2021-02-09,1,Inspection Completed - No Further Action,False,False,,
3735238,BUBBA GUMP SHRIMP CO,185 BOARDWALK PL W,MADEIRA BEACH,2021-01-12,1,Inspection Completed - No Further Action,False,False,Accumulation of black/green mold-like substance in the interior of the ice machine/bin.,2025-09-16
3738230,P J'S OYSTER BAR ST PETE BEACH,595 COREY AVE STE #F,ST.PETE BEACH,2021-03-24,2,Inspection Completed - No Further Action,True,False,,
3743576,SMOKEY BONES BAR & FIRE GRILL #7588,2693 GULF TO BAY BLVD,CLEARWATER,2021-04-08,2,Inspection Completed - No Further Action,True,False,- From initial inspection : Basic - Accumulation of black/green mold-like substance in the interior of the ice machine/bin. Soda dispenser ice machine interior soiled with.,2025-10-14
3753273,CHIPOTLE MEXICAN GRILL #713,3700 PARK BLVD,PINELLAS PARK,2021-03-23,1,Inspection Completed - No Further Action,False,False,,
3754522,TOSCANA ISLAND CLUBHOUSE,36750 US HWY 19 N,PALM HARBOR,2021-03-08,1,Inspection Completed - No Further Action,False,False,- From initial inspection : Basic - Accumulation of black/green mold-like substance in the interior of the ice machine/bin. Accumulation of slime like substance in ice machine - From follow-up inspection 2025-12-31: Basic - - From initial inspection : Basic - Ceiling tile missing in storage area.,
3754525,INNISBROOK RESORT & GOLF CLUB PACKARDS COPPERHEAD CLUBHOUSE,36750 US HWY 19 N,PALM HARBOR,2021-04-16,2,Inspection Completed - No Further Action,True,False,,
3754529,INNISBROOK RESORT & GOLF CLUB,36750 US HWY 19 N,PALM HARBOR,2021-04-16,2,Administrative complaint recommended,True,False,Basic - Ice buildup in reach-in freezer and/or walk-in freezer. Ice buildup at walk in freezer door.,
3754537,INNISBROOK RESORT & GOLF CLUB TURNBERRY PUB ISLAND CLUBHOUSE,36750 US HWY 19 N,PALM HARBOR,2020-11-19,1,Inspection Completed - No Further Action,False,False,Ice buildup in reach-in freezer and/or walk-in freezer. Ice buildup at walk in freezer door.,
3754540,INNISBROOK RESORT & GOLF CLUB LOCHNESS POOL GRILL,36750 US HWY 19 N,PALM HARBOR,2020-11-19,1,Inspection Completed - No Further Action,False,False,Accumulation of black/green mold-like substance in the interior of the ice machine/bin. Ice machine has accumulation of black mold like substance. Operator cleaned ice bin during visit.,
3754544,INNISBROOK RESORT & GOLF CLUB OSPREY CLUBHOUSE,36750 US HWY 19 N,PALM HARBOR,2021-06-08,2,Warning Issued,True,False,,
3756519,ST PETERSBURG YACHT CLUB,2301 PASS-A-GRILLE WAY,ST.PETE BEACH,2021-04-19,3,Call Back - Complied,True,False,Basic - Ice buildup in reach-in freezer and/or walk-in freezer.,
3766179,INNISBROOK RESORT & GOLF CLUB,36750 US HWY 19 N,PALM HARBOR,2020-09-28,1,Inspection Completed - No Further Action,False,False,,
3768318,PATTAYA THAI,2794 GULF TO BAY BLVD #2,CLEARWATER,2021-01-26,1,Inspection Completed - No Further Action,False,False,,
3774587,TAMPA STYLE CUBAN,1300 E BAY DRIVE,LARGO,2020-09-09,1,Inspection Completed - No Further Action,False,False,1 Propane tank stored next to broken ice machine across from reach in coolers near restroom.,2026-03-04
3779660,SUBWAY 4685,956 62ND AVE N,ST. PETERSBURG,2021-01-20,4,Call Back - Complied,True,False,,
3789914,CARMELITA'S MEXICAN RESTAIRANT,6218 N 66 ST,PINELLAS PARK,2021-04-19,3,Inspection Completed - No Further Action,True,False,Ice cream ball in reach in freezer not covered made two days ago.,
3793477,GARDEN GRILLE CAFE,34018 -22 US HWY 19 N,PALM HARBOR,2021-01-07,1,Warning Issued,False,False,,
3796619,JULIAN'S LITTLE ITALY,916-A PATRICIA AVE,DUNEDIN,2020-12-09,2,Inspection Completed - No Further Action,True,False,,
3822935,OLD NORTHEAST TAVERN,201 7 AVE N,ST. PETERSBURG,2020-11-16,3,Inspection Completed - No Further Action,True,False,,
3825276,PAISANO'S PIZZA 'N PASTA,6000 4 ST N,ST. PETERSBURG,2020-12-11,2,Inspection Completed - No Further Action,True,False,,
3826126,D'LITES OF ST PETE BEACH LLC,3629 49 STREET NORTH,ST. PETERSBURG,2020-10-01,1,Inspection Completed - No Further Action,False,False,-packaged on site ice cream products for self service in reach in coolers in dining area only lane.ed with name of product.,
3828059,CESARE AT THE BEACH,794 S GULFVIEW BLVD,CLEARWATER BEACH,2021-01-12,2,Inspection Completed - No Further Action,True,False,Accumulation of black/green mold-like substance in the interior of the ice machine/bin.,2025-09-22
3843163,SWEET SAGE CAFE LLC,16725 GULF BLVD,REDINGTON BEACH,2020-10-15,1,Inspection Completed - No Further Action,False,False,Accumulation of grease under cook line Basic - Ice buildup in reach-in freezer and/or walk-in freezer.,
3845605,JUAN'S MEXICAN GRILL,1409 MAIN STREET,DUNEDIN,2021-01-12,2,Inspection Completed - No Further Action,True,False,,
3849293,JIMMY JOHNS,1410 66 ST,ST. PETERSBURG,2020-08-04,1,Inspection Completed - No Further Action,False,False,,
3849308,PETE & SHORTY'S,7402 49 ST,PINELLAS PARK,2021-04-29,2,Inspection Completed - No Further Action,True,False,,
3857961,FAYS DELI & SUBS,1538 16 ST S,ST. PETERSBURG,2021-05-27,2,Inspection Completed - No Further Action,True,False,,
3883990,4TH STREET SHRIMP STORE,1006 4 ST N,ST. PETERSBURG,2020-09-22,2,Inspection Completed - No Further Action,True,False,,
3884745,NOVA535,535 DR MARTIN LUTHER KING JR ST N,ST. PETERSBURG,2021-05-05,1,Inspection Completed - No Further Action,False,False,,
3885540,THE OLIVE GARDEN,10500 ULMERTON RD STE 470,LARGO,2021-02-16,1,Inspection Completed - No Further Action,False,False,,
3885563,THE OLIVE GARDEN,6700 HWY 19,PINELLAS PARK,2020-12-17,1,Inspection Completed - No Further Action,False,False,,
3885570,THE OLIVE GARDEN ITALIAN RESTAURANT,29461 N US HWY 19,CLEARWATER,2020-12-08,1,Inspection Completed - No Further Action,False,False,"Accumulation of black/green mold-like substance in the interior of the ice machine/bin. Interior of ice machines in kitchen has black mold like substance, operator removed substance during visit.",
3885613,CRABBYS BEACH WALK & GRILL,333 S GULFVIEW BLVD,CLEARWATER,2021-04-22,2,Inspection Completed - No Further Action,True,False,,
3889342,LONG JOHN SILVERS/A & W,351 N MISSOURI AVE,LARGO,2020-07-14,1,Inspection Completed - No Further Action,False,False,,
3892175,PAPA JOHN'S PIZZA,1098 OVERCASH DR,DUNEDIN,2020-10-26,1,Inspection Completed - No Further Action,False,False,,
3893534,LIL BIT KUNTRY RESTAURANT,4999 71 AVE N,PINELLAS PARK,2021-05-17,3,Call Back - Complied,True,False,Basic - Ice buildup in reach-in freezer service area.,
3895243,KEEGANS SEAFOOD GRILLE,1519 GULF BLVD,INDIAN ROCKS BEACH,2020-09-14,1,Inspection Completed - No Further Action,False,False,,
3895857,THE DRUNKEN CLAM,46 46 AVE,ST.PETE BEACH,2021-04-01,1,Inspection Completed - No Further Action,False,False,Basic - Ice buildup in reach-in freezer and/or walk-in freezer. Ice buildup up in both walk-in freezer and reach-in freezer.,
3897967,CAPTAIN JACK'S WATERFRONT GRILLE,21 OSCAR HILL RD,TARPON SPRINGS,2021-02-23,4,Inspection Completed - No Further Action,True,False,,
3899160,HORSE & JOCKEY BRITISH PUB AND RESTAURANT,1155 PASADENA AVE S,SOUTH PASADENA,2021-03-01,1,Inspection Completed - No Further Action,False,False,Food stored in undrained ice.,2025-12-01
3906322,FAIRWAY PIZZA & SPORTS PAGE PUB,2901 ALT 19 NORTH,PALM HARBOR,2021-03-08,4,Inspection Completed - No Further Action,True,False,Ice buckets not inverted in ware washing area.,2025-11-03
3927650,FLORIDA SUBS & GYROS,2017 GULF TO BAY BLVD,CLEARWATER,2020-10-01,1,Warning Issued,False,False,,
3932375,OLD NORTHEAST PIZZERIA,718 2 ST N,ST. PETERSBURG,2021-03-05,1,Inspection Completed - No Further Action,False,False,,
3934219,TOUCAN'S,431 MANDALAY AVE,CLEARWATER BEACH,2020-12-10,1,Inspection Completed - No Further Action,False,False,,
3942414,400 BEACH SEAFOOD & TAP HOUSE,400 BEACH DRIVE NE STE #120,ST. PETERSBURG,2021-04-20,3,Inspection Completed - No Further Action,True,False,,
3945567,CHICK-FIL-A OF CLEARWATER,2516 GULF-TO-BAY BLVD,CLEARWATER,2020-09-21,1,Inspection Completed - No Further Action,False,False,,
3946525,BRUCE'S CHICAGO GRILL & DOG HOUSE,7733 ULMERTON RD #3,LARGO,2021-06-04,2,Inspection Completed - No Further Action,True,False,,
3947997,PIZZA HUT #4630,33505 US HWY 19 N,PALM HARBOR,2020-07-24,1,Inspection Completed - No Further Action,False,False,,
3948073,PIZZA HUT #4669,1955 ALT 19 N,TARPON SPRINGS,2020-11-13,1,Inspection Completed - No Further Action,False,False,,
3948202,PIZZA HUT #4611,2519 MCMULLAN BOOTH RD #501,CLEARWATER,2020-09-21,1,Inspection Completed - No Further Action,False,False,,
3948252,CARINOS ITALIAN RESTAURANT,9524 BLIND PASS RD #6-9,ST. PETERSBURG,2021-05-18,2,Inspection Completed - No Further Action,True,False,,
3957955,THAI NANA RESTAURANT,1458 ALT 19 N,PALM HARBOR,2021-03-16,3,Call Back - Complied,True,False,Accumulation of black/green mold-like substance in the interior of the ice machine/bin.,2025-07-30
3958158,RED MESA CANTINA,128 3 ST S,ST. PETERSBURG,2021-03-03,2,Warning Issued,True,False,"Accumulation of black/green mold-like substance in the interior of the ice machine/bin. Interior of ice machine soiled with yellow, pink, and black substance. Observed brown liquid substance and ice inside handsink at the end of cook line.",
3958964,CHICK FIL A OLDSMAR,3740 TAMPA RD,OLDSMAR,2020-09-09,1,Inspection Completed - No Further Action,False,False,,
3973141,KRISPY KRAB,3100 18TH AVE SOUTH,ST. PETERSBURG,2021-01-12,2,Inspection Completed - No Further Action,True,False,,
3973465,JOHNNYS ITALIAN RESTAURANT,2907 STATE ROAD 590 #1,CLEARWATER,2021-05-17,3,Warning Issued,True,False,- From initial inspection : Basic - Accumulation of black mold-like substance in the interior of the ice machine near the top hinges and interior side area of door - From follow-up inspection 2026-03-02: Employee in process of cleaning interior of ice machine at end of inspection,
3975620,TIN CAN CAFE,307 S MYRTLE AVENUE,CLEARWATER,2020-10-26,2,Warning Issued,True,False,,
3979453,WAFFLE HOUSE #1228,7070 GULF BLVD,ST PETERSBURG BEACH,2021-03-24,2,Inspection Completed - No Further Action,True,False,,
3979479,WAFFLE HOUSE# 1280,11185 GULF BLVD,TREASURE ISLAND,2021-01-04,2,Inspection Completed - No Further Action,True,False,,
3979525,WAFFLE HOUSE #1620,2525 54 AVE N,ST. PETERSBURG,2021-02-24,2,Inspection Completed - No Further Action,True,False,Accumulation of black/green mold-like substance in the interior of the ice machine/bin. Interior of ice machine located in dish room with black mold like substance,2025-09-30
3990365,RICKY T'S,10601 GULF BLVD,TREASURE ISLAND,2021-04-19,2,Inspection Completed - No Further Action,True,False,,
3997109,ASTRA PIZZA,2915 16 ST N,ST. PETERSBURG,2021-02-09,2,Inspection Completed - No Further Action,True,False,,
3998470,CHURCH'S CHICKEN #399,3510 CENTRAL AVE,ST. PETERSBURG,2021-06-04,2,Call Back - Complied,True,False,In-use ice bucket for ice machine located outside not stored in a protected manner between uses.,2025-07-16
3998484,CHURCH'S CHICKEN #464,1575 GULF TO BAY BLVD,CLEARWATER,2021-03-10,2,Inspection Completed - No Further Action,True,False,- ice chute soiled at front counter . Manager cleaned ice chute,2025-12-29
3998490,CHURCH'S CHICKEN #1372,2195 34 ST S,ST. PETERSBURG,2021-05-27,3,Inspection Completed - No Further Action,True,False,,
3999984,FIRST WATCH RESTAURANTS #99,35146 US HWY 19 N,PALM HARBOR,2020-12-17,2,Inspection Completed - No Further Action,True,False,,
4005740,LOVEN PIZZA,2194A MAIN STREET,DUNEDIN,2021-01-13,2,Warning Issued,True,False,,
4009764,GYROS & SEAFOOD EXPRESS,1760 9 ST SOUTH,ST. PETERSBURG,2021-01-13,1,Inspection Completed - No Further Action,False,False,,
4012171,SUNSET GRILLE,2996 DR MARTIN LUTHER KING JR ST N,ST. PETERSBURG,2021-02-15,3,Call Back - Complied,True,False,,
4017040,THE BOAT CLUB,819 BECKETT WAY,TARPON SPRINGS,2021-01-25,2,Warning Issued,True,False,There is an ice machine and what looks like an old dish machine in an outside bar area on the West side of the building. 2 small ice machines in kitchen area.,
4024789,SENOR TACO,6447 PARK BLVD STE# 1,PINELLAS PARK,2021-03-24,2,Inspection Completed - No Further Action,True,False,,
4025270,SUN RV RESORT,2920 N ALT 19 N,DUNEDIN,2020-09-16,1,Inspection Completed - No Further Action,False,False,,
4031726,SLICE OF THE BURG,10484 ROOSEVELT BLVD,ST. PETERSBURG,2021-04-05,3,Inspection Completed - No Further Action,True,False,,
4041979,TSUNAMI JAPANESE STEAKHOUSE,2176 TYRONE BLVD,ST. PETERSBURG,2021-04-01,3,Emergency order recommended,True,False,,
4044809,HONEYMOON PAVILION,1 CAUSEWAY BLVD,DUNEDIN,2020-08-17,1,Inspection Completed - No Further Action,False,False,Missing at hand sink across from ice machine.,2025-12-30
4046661,CARRABBA'S ITALIAN GRILL,1951 4 ST N,ST. PETERSBURG,2021-01-08,2,Inspection Completed - No Further Action,True,False,Ice buildup in reach-in freezer and/or walk-in freezer. Ice buildup up in reach-in cooler at wait area. Ice buildup up in reach-in freezer on front line.,2025-10-08
4046724,CARRABBA'S ITALIAN GRILL,3530 TYRONE BLVD,ST. PETERSBURG,2020-10-02,1,Inspection Completed - No Further Action,False,False,"2 live flies in dry storage room near office 2 live flies in hallway outside of office near exit 1 live fly near 3 comp sink next to ice machine 8 live flies in bin of onions in kitchen, onions are unpeeled, not yet ready to eat.",2026-01-12
4046914,CARRABBA'S ITALIAN GRILL,33983 US HWY 19 N,PALM HARBOR,2021-02-23,2,Inspection Completed - No Further Action,True,False,,
4046946,OUTBACK STEAKHOUSE,31988 US HWY 19,PALM HARBOR,2021-02-04,1,Inspection Completed - No Further Action,False,False,- From follow-up inspection 2026-05-05: Basic - - From initial inspection : Basic - Interior of ice machine/bin with rust that has pitted the surface Interior of ice machine near dish machine has rust pitted to surface of roof.,
4047219,OUTBACK STEAKHOUSE,1900 4 ST N,ST. PETERSBURG,2020-12-17,2,Inspection Completed - No Further Action,True,False,Manager placed shrimp into walk-in cooler and on ice.,
4051813,CURRENTS,200 E TARPON AVE,TARPON SPRINGS,2021-01-29,2,Inspection Completed - No Further Action,True,False,,
4061937,THREE BIRDS TAVERN,1492 4 ST NORTH,ST. PETERSBURG,2020-12-16,2,Inspection Completed - No Further Action,True,False,,
4071177,ASIAN WOK TAKE-OUT RESTAURANT,202 37 AVE N,ST. PETERSBURG,2021-02-09,5,Call Back - Complied,True,False,,
4071228,TONY & NELLO'S,1136 PINELLAS BAYWAY,TIERRA VERDE,2021-06-09,2,Inspection Completed - No Further Action,True,False,,
4072647,EL TORO NEGRO RESTAURANT,5780 54 AVENUE NORTH,KENNETH CITY,2020-07-08,1,Warning Issued,False,False,,
4073405,CHATTERBOX NORTH FAMILY RESTAURANT,2710 ALT 19 STE 101,PALM HARBOR,2020-12-17,2,Inspection Completed - No Further Action,True,False,,
4075659,TREASURE ISLAND YACHT & TENNIS CLUB OF PINELLAS COUNTY LLC,400 TREASURE ISLAND CAUSEWAY,TREASURE ISLAND,2021-03-17,2,Inspection Completed - No Further Action,True,False,,
4075661,TREASURE ISLAND YACHT & TENNIS CLUB OF PINELLAS COUNTY LLC,400 TREASURE ISLAND CAUSEWAY,TREASURE ISLAND,2021-03-17,2,Inspection Completed - No Further Action,True,False,,
4075662,TREASURE ISLAND YACHT & TENNIS CLUB OF PINELLAS COUNTY LLC,400 TREASURE ISLAND CAUSEWAY,TREASURE ISLAND,2020-10-27,1,Inspection Completed - No Further Action,False,False,,
4083004,HOOTERS,6901 22ND AVE NORTH SPACE 935,ST. PETERSBURG,2021-03-24,3,Warning Issued,True,False,,
4084194,CHINA 1,4316 6TH STREET S,ST. PETERSBURG,2021-06-07,2,Inspection Completed - No Further Action,True,False,,
4086408,BOARDWALK PIZZA AND GYROS,2547-1 COUNTRYSIDE BLVD,CLEARWATER,2021-02-02,2,Inspection Completed - No Further Action,True,False,,
4086786,CHINA EXPRESS TAKE-OUT,1159 S PINELLAS AVENUE,TARPON SPRINGS,2020-11-03,1,Inspection Completed - No Further Action,False,False,Accumulation of black mold-like substance in the interior of the ice machine bin. Small ice machine by 3 compartment sink,2025-09-04
4097467,CASSIS AMERICAN BRASSERIE,170 BEACH DR NE,ST. PETERSBURG,2021-04-28,4,Call Back - Complied,True,False,Accumulation of black/green mold-like substance in the interior of the ice machine/bin.,
4100424,LACKMANN CULINARY SERVICES,19387 US HWY 19 N,CLEARWATER,2021-03-03,2,Warning Issued,True,False,Ice chute on soda fountain machine accumulated with pink substance.,
4108312,FIVE GUYS BURGERS AND FRIES,2689 GULF TO BAY BLVD STE 1820,CLEARWATER,2020-12-01,1,Inspection Completed - No Further Action,False,False,,
4115674,COLD STONE CREAMERY #1796,7220 US HWY 19 N,PINELLAS PARK,2020-07-15,1,Inspection Completed - No Further Action,False,False,,
4119476,GIGI'S ITALIAN RESTAURANT,5901 4 ST N,ST. PETERSBURG,2021-03-17,2,Inspection Completed - No Further Action,True,False,,
4120714,BAYSIDE INN PINELLAS PARK - CLEARWATER,9359 US HWY 19 N,PINELLAS PARK,2020-07-08,1,Call Back - Complied,False,False,,
4122996,THE HANGAR,540 1ST STREET SE,ST. PETERSBURG,2020-09-28,1,Inspection Completed - No Further Action,False,False,,
4126159,ANGRY PEPPER TAPHOUSE,9366 OAKHURST ROAD,SEMINOLE,2020-08-20,1,Inspection Completed - No Further Action,False,False,Unprotected ice machine in a customer/nonsecure area. Outdoor ice machine not secured by gate when not in use,2025-09-30
4128066,LA ISLA BONITA INC,9150 49 ST NORTH UNIT G&H,PINELLAS PARK,2021-03-02,1,Inspection Completed - No Further Action,False,False,,
4130348,JIMMY JOHNS,750 4TH STREET NORTH,ST. PETERSBURG,2020-09-28,1,Warning Issued,False,False,- From initial inspection : Basic - Accumulation of black/green mold-like substance in the interior of the ice machine/bin. Interior of ice machine soiled with black mold like substance.,
4140382,BEACH PIZZA PLUS,10500 ULMERTON ROAD 380,LARGO,2020-07-23,1,Inspection Completed - No Further Action,False,False,Basic - Ice buildup in walk-in freezer at top right corner.,
4149047,MIWA HIBACHI & SUSHI EXPRESS,6901 TYRONE BLVD VC01,ST. PETERSBURG,2021-02-05,2,Inspection Completed - No Further Action,True,False,,
4150089,ALESIA ON CENTRAL,7204 CENTRAL AVENUE,ST. PETERSBURG,2020-12-08,1,Inspection Completed - No Further Action,False,False,- From follow-up inspection 2026-02-11: Raw beef out of commercial packaging stored above ice cream in reach in freezer in main kitchen Operator moved beef below ice cream,2026-02-11
4153844,DIMITRI'S ON THE WATER,698 DODECANESE BLVD,TARPON SPRINGS,2021-04-06,4,Warning Issued,True,False,Accumulation of black/pink mold-like substance in the interior of the ice machine/bin. Water dripping from black/ pink mold like substance onto ice.,2025-11-18
4157206,MIKES PIZZA AND PUB,14479 WALSINGHAM RD,LARGO,2021-02-01,1,Inspection Completed - No Further Action,False,False,Accumulation of black/green mold-like substance in the interior of the ice machine/bin. Staff advised racks temporarily moved outside while rearranging walk in coolers Basic - Ice buildup in reach-in freezer and/or walk-in freezer. Basic - Ice scoop handle in contact with ice. Outdoor door ice…,
4158322,GEORGE'S BREAKFAST STATION INC,600 SOUTH PINELLAS,TARPON SPRINGS,2021-01-12,3,Warning Issued,True,False,,
4161961,WATERSIDE YACHT CLUB,5000 COQUINA KEY DRIVE S.E.,ST. PETERSBURG,2021-02-08,1,Inspection Completed - No Further Action,False,False,,
4164834,SMOKIN J'S BBQ,5145 GULFPORT BLVD,GULFPORT,2021-01-21,2,Warning Issued,True,False,,
4169685,QUICKIES BBQ,4351 4 ST N,ST. PETERSBURG,2021-03-19,4,Warning Issued,True,False,,
4178777,GREEN MARKET CAFE / KIWI FROZEN YOGURT,3150 TAMPA RD #1A,OLDSMAR,2021-01-11,1,Inspection Completed - No Further Action,False,False,,
4184341,HARVEY'S 4TH ST GRILL,3121 4 ST N,ST. PETERSBURG,2021-04-19,3,Warning Issued,True,False,Hand wash sink at front bar observed with drink ice inside basin.,
4191778,THE CORNER POCKET,12686 STARKEY RD,LARGO,2020-11-18,1,Inspection Completed - No Further Action,False,False,Ice buildup in reach-in freezer and/or walk-in freezer.,
4202214,AMY'S CHINA ONE,1537 S HIGHLAND AVENUE,CLEARWATER,2021-01-15,1,Inspection Completed - No Further Action,False,False,,
4206773,LISA'S CAFE,13331 GULF BLVD,MADEIRA BEACH,2021-04-19,1,Administrative complaint recommended,False,False,Hand sink behind bar used as ice well to keep bottles cold,
4210061,BELLA BRAVA,204 BEACH DR NE,ST. PETERSBURG,2020-09-09,2,Inspection Completed - No Further Action,True,False,,
4227649,EASTERN CHINA PEARL LLC,3313 CENTRAL AVENUE,ST. PETERSBURG,2021-06-23,8,Emergency Order Callback Not Complied,True,False,,
4228998,THE BROWN BOXER PUB AND GRILLE,483 MANDALAY AVE,CLEARWATER BEACH,2021-04-21,2,Inspection Completed - No Further Action,True,False,,
4235051,ANGEL CAKES GOURMET LLC,1484 ALTERNATE 19,PALM HARBOR,2020-12-15,2,Inspection Completed - No Further Action,True,False,Ice buildup in reach-in freezer and/or walk-in freezer. Ice buildup in reach in freezer in dry storage.,2025-12-03
4236928,SPRING GARDEN CHINESE RESTAURANTE,850 49 ST,ST. PETERSBURG,2021-05-05,5,Emergency order recommended,True,False,- From follow-up inspection 2026-01-07: - From follow-up inspection 2026-01-08: Basic - - From initial inspection : Basic - Ice buildup in reach-in freezer.,
4241984,SUNCOAST CAFE,1921 W BAY DR,LARGO,2021-02-09,2,Warning Issued,True,False,,
4245545,GALA CAFE,1 DALI BLVD,ST PETERSBURG,2021-01-22,1,Inspection Completed - No Further Action,False,False,- From initial inspection : Basic - Accumulation of black/green mold-like substance in the interior of the ice machine/bin.,2026-01-06
4249441,SUBWAY #24983,5901 GULF BLVD,ST PETE BEACH,2021-03-15,1,Inspection Completed - No Further Action,False,False,,
4254852,ANGELO'S,536 1 AVE N,ST. PETERSBURG,2021-03-25,2,Warning Issued,True,False,"Observed a plumbing leak at the hand sink near the ice machine and the two reach in freezers, located in the enclosed storage area outside the rear of the kitchen.",2025-08-05
4262070,JIMMY JOHNS #1515,2325 ULMERTON RD STE 2,CLEARWATER,2020-10-26,2,Warning Issued,True,False,,
4264294,THE BLIND SHARK TAVERN,11301 STARKEY RD,LARGO,2021-02-17,2,Inspection Completed - No Further Action,True,False,,
4267328,CHINA 1 TAKE OUT RESTAURANT,2261 34 ST S  UNIT 2261,ST. PETERSBURG,2021-04-08,3,Call Back - Complied,True,False,- From follow-up inspection 2026-03-20: Basic - - From initial inspection : Basic - Ice buildup in reach-in freezer and/or walk-in freezer. Ice buildup up inside multiple reach-in freezers located throughout establishment.,
4275460,CODY'S ORIGINAL ROADHOUSE,4360 PARK ST N,ST. PETERSBURG,2021-01-08,2,Inspection Completed - No Further Action,True,False,,
4275474,QSL RESTAURANT FLORIDA LIMITED,10400 49 ST N,CLEARWATER,2020-07-14,1,Inspection Completed - No Further Action,False,False,,
4276336,GRATZZI'S RESTAURANT,211 2ND STREET S.,ST. PETERSBURG,2021-04-29,3,Call Back - Complied,True,False,Accumulation of black/green mold-like substance in the interior of the ice machine/bin. Basic - Ice buildup in reach-in freezer and/or walk-in freezer. Missing at hand sink across from ice machine in prep area.,
4280218,ACROPOLIS,515 CENTRAL AVE,ST PETERSBURG,2021-05-21,6,Warning Issued,True,False,,
4283799,IHOP #36-212,30200 US HWY 19 N,CLEARWATER,2021-02-05,2,Inspection Completed - No Further Action,True,False,,
4285389,HAROLD SELTZERS STEAKHOUSE,3500 TYRONE BLVD,ST PETERSBURG,2021-06-02,4,Inspection Completed - No Further Action,True,False,,
4286043,WESTSHORE PIZZA EASTLAKE,2525 EASTLAKE RD,PALM HARBOR,2020-09-23,3,Emergency Order Callback Not Complied,True,False,,
4290063,THE CLEARWATER GOLF CLUB,525 N BETTY LANE,CLEARWATER,2021-03-12,2,Inspection Completed - No Further Action,True,False,"- clean plates not inverted or protected on shelf opposite ice machine storage area Basic - Employee personal items stored in or above a food preparation area, food, clean equipment and utensils, or single-service items. Rusted drop plate inside ice machine Basic - Food ( box of fries) stored on…",
4290878,OLGA'S RESTAURANT,1449 S BELCHER RD,CLEARWATER,2020-11-19,3,Warning Issued,True,False,,
4292937,POSITANO'S,3309 TAMPA RD,PALM HARBOR,2021-05-07,2,Warning Issued,True,False,,
4295929,HOOTERS RESTAURANT,192 JOHN'S PASS BOARDWALK W,MADEIRA BEACH,2021-05-03,2,Inspection Completed - No Further Action,True,False,Accumulation of black/green mold-like substance in the interior of the ice machine/bin.,
4306121,NEPTUNE GRILL,5501 SHORE BLVD S,GULF PORT,2020-08-20,1,Inspection Completed - No Further Action,False,False,,
4310747,GENNARO'S,2004 PASS A GRILLE WAY,ST.PETE BEACH,2021-06-22,2,Inspection Completed - No Further Action,True,False,,
4314650,BURG BAR & GRILL (THE),1752 CENTRAL AVE,ST PETERSBURG,2021-03-09,2,Inspection Completed - No Further Action,True,False,Accumulation of black/green mold-like substance in the interior of the ice machine/bin. Interior of ice machine soiled with black mold like debris exterior rear of kitchen.,
4322833,DELCO'S ORIGINAL STEAKS & HOAGIES,1701 MAIN ST,DUNEDIN,2020-08-04,1,Inspection Completed - No Further Action,False,False,,
4327088,WENTWORTH GOLF CLUB   MULLIGANS PUB,2990 WENTWORTH WAY,TARPON SPRINGS,2020-09-21,1,Inspection Completed - No Further Action,False,False,,
4328972,R G'S BOOKMARK CAFE,120 CENTRAL PARK DR,LARGO,2021-02-17,2,Inspection Completed - No Further Action,True,False,,
4331107,GLORY DAYS GRILL,34200 US HWY 19,PALM HARBOR,2021-01-08,3,Call Back - Complied,True,False,,
4342872,SEASONS CAFE AND BAKERY LLC,7261 US HWY 19 N,PINELLAS PARK,2020-12-28,1,Warning Issued,False,False,,
4350735,MARKER 8,1420 BAYSHORE BOULEVARD,DUNEDIN,2021-02-25,3,Inspection Completed - No Further Action,True,False,,
4352777,CHARLEY'S GRILLED SUBS,2260 TYRONE SQUARE,ST. PETERSBURG,2021-02-05,1,Inspection Completed - No Further Action,False,False,,
4357799,DAIRY QUEEN GRILL & CHILL,10820 PARK BLVD,SEMINOLE,2021-02-25,2,Call Back - Complied,True,False,,
4366185,CHINA MAX,6901 22ND AVENUE #VC05,ST. PETERSBURG,2021-02-15,2,Inspection Completed - No Further Action,True,False,,
4371681,LARGO PIZZA LLC,11411 STARKEY DR #5,LARGO,2021-03-09,2,Warning Issued,True,False,,
4371691,YOGURTOLOGY,3043 4TH ST N,ST. PETERSBURG,2020-07-10,1,Administrative complaint recommended,False,False,Floor soiled underneath reach-in cooler and reach-in freezers in rear prep area - From follow-up inspection 2026-01-13: Basic - - From initial inspection : Basic - Ice buildup in reach-in freezer and/or walk-in freezer. Ice buildup up in reach-in freezer at front counters - From follow-up…,
4383794,KFC,770 N 34 ST,ST. PETERSBURG,2021-04-05,2,Inspection Completed - No Further Action,True,False,Basic - Ice buildup in walk-in freezer.,
4383814,KFC,6595 PARK BLVD,PINELLAS PARK,2020-08-31,1,Inspection Completed - No Further Action,False,False,,
4383845,KFC,1960 GULF TO BAY BLVD,CLEARWATER,2020-12-01,2,Inspection Completed - No Further Action,True,False,,
4383849,KFC,6300 N 9 ST,ST. PETERSBURG,2021-01-20,2,Inspection Completed - No Further Action,True,False,,
4384005,KFC,2530 E BAY DR,LARGO,2020-07-22,1,Inspection Completed - No Further Action,False,False,,
4384027,KFC,1648 S MISSOURI AVE,CLEARWATER,2020-12-09,2,Inspection Completed - No Further Action,True,False,,
4399291,FIRESIDE PIZZA CAFE,1104 NEBRASKA AVE,PALM HARBOR,2020-12-15,2,Inspection Completed - No Further Action,True,False,,
4403254,CHIPOTLE #1328,2537 COUNTRYSIDE BLVD,CLEARWATER,2020-10-06,1,Inspection Completed - No Further Action,False,False,,
4404385,AMC THEATRES WOODLANDS 20,3128 TAMPA RD,OLDSMAR,2021-02-08,1,Inspection Completed - No Further Action,False,False,,
4406008,PLUM TOMATO PIZZERIA,1988 ALT 19,TARPON SPRINGS,2021-01-05,1,Inspection Completed - No Further Action,False,False,Unprotected ice machine in a customer/nonsecure area. Outdoor ice machine in rear parking lot not secured when not in use,2025-12-16
4408584,GORDITAS DON HUICHO,2071 DREW ST,CLEARWATER,2020-09-25,2,Warning Issued,True,False,Accumulation of black mold-like substance in the interior of the ice machine . Manager cleaned the interior of the ice machine Basic - Food ( glass bottle of beverages ) not stored at least 6 inches off of the floor in bar area . Basic - Reach-in freezer interior/shelves have accumulation of soil…,
4410569,SALEM'S FRESH EATS,1605 18 AVE S,ST. PETERSBURG,2021-06-02,2,Inspection Completed - No Further Action,True,False,,
4411810,MARIO'S,14995 GULF BLVD H,MADEIRA BEACH,2021-06-11,2,Inspection Completed - No Further Action,True,False,,
4418602,HOOTERS ON 4TH STREET INC,4125 4 ST N,ST. PETERSBURG,2020-08-26,1,Inspection Completed - No Further Action,False,False,Ice buildup in reach-in freezer and/or walk-in freezer. Ice buildup in standing reach-in freezer located next to cook line.,
4419972,FERG'S SPORTS BAR,1320 CENTRAL AVE,ST. PETERSBURG,2020-12-09,1,Warning Issued,False,False,,
4420733,THE LUCKY DILL,33180 N US HWY 19,PALM HARBOR,2021-02-10,3,Inspection Completed - No Further Action,True,False,,
4420928,WILLY'S,645 COREY AVE,ST.PETE BEACH,2021-03-16,2,Inspection Completed - No Further Action,True,False,,
4421710,TROPICAL SMOOTHIE CAFE,2695 ROOSEVELT BLVD,CLEARWATER,2020-10-22,1,Inspection Completed - No Further Action,False,False,,
4425734,JIMMY JOHN'S,2613 GULF TO BAY BLVD STE 1680,CLEARWATER,2020-08-11,1,Warning Issued,False,False,,
4434399,TERRA MAR BRAZILIAN STEAKHOUSE,6715 49 ST N,PINELLAS PARK,2021-06-02,2,Inspection Completed - No Further Action,True,False,3 near back hand wash sink Basic - Clean ice bucket not stored inverted.,
4436727,BAMBOO BEACH BAR AND GRILL,13025 VILLAGE BLVD,MADEIRA BEACH,2021-04-16,1,Inspection Completed - No Further Action,False,False,,
4439434,CARRABBA'S ITALIAN GRILL,2680 GULF TO BAY BLVD,CLEARWATER,2021-03-18,3,Warning Issued,True,False,,
4440229,MJ'S WATERING HOLE,"5501 GULF BLVD, SUITE 108",ST. PETERSBURG BEACH,2021-01-21,2,Inspection Completed - No Further Action,True,False,,
4441676,VILLAGE INN,13105 WALSINGHAM RD,LARGO,2020-12-15,1,Inspection Completed - No Further Action,False,False,,
4441699,NORTON'S EASTSIDE SPORTS BAR,2455 N MCMULLEN BOOTH RD STE A,CLEARWATER,2021-03-22,2,Inspection Completed - No Further Action,True,False,Ice buckets hanging on wall near cooler .,
4442709,MILLER'S JAMAICAN SPICE & CUISINE,3114 5 AVE S,ST. PETERSBURG,2021-06-25,2,Inspection Completed - No Further Action,True,False,,
4452800,CHINA STAR CHINESE RESTAURANT,916 PATRICIA AVE  UNIT C,DUNEDIN,2021-01-21,2,Warning Issued,True,False,,
4455664,THE PRINCESS MARTHA,411 N 1 AVE,ST. PETERSBURG,2021-03-26,2,Warning Issued,True,False,Observed ice inside handsink at server wait station.,
4457813,SAB CAFE,111 2 AVE NE STE 100,ST. PETERSBURG,2021-03-18,3,Inspection Completed - No Further Action,True,False,Accumulation of black/green mold-like substance in the interior of the ice machine/bin. Ice bin interiors soiled soiled with yellow substance.,
4459792,CON MED LINVATEC,11311 CONCEPT BLVD,LARGO,2021-02-15,1,Inspection Completed - No Further Action,False,False,,
4460030,RONNIE PASTRAMIS DELI & CATERING INC,10361 66 ST N,PINELLAS PARK,2020-11-13,2,Inspection Completed - No Further Action,True,False,,
4460576,MAHEFFEY THEATER,400 1 ST SOUTH,ST. PETERSBURG,2021-05-13,1,Administrative complaint recommended,False,False,,
4461058,BJ'S RESTAURANT & BREWHOUSE,27001 US HWY 19 N  STE 1160,CLEARWATER,2021-03-09,1,Warning Issued,False,False,Accumulation of black/green mold-like substance in the interior of the ice machine/bin. Observed a mold like substance in left ice machine at time of inspection.,2025-12-10
4465153,LA POLLERA COLORADA,1226 S HIGHLAND AVE,CLEARWATER,2020-08-04,1,Warning Issued,False,False,,
4467087,CRESCENT OAKS COUNTRY CLUB,3300 CRESCENT OAKS BLVD,TARPON SPRINGS,2020-12-23,3,"Call Back - Extension given, pending",True,False,,
5225867,PHO 97,6800 49 ST N,PINELLAS PARK,2021-01-11,4,Inspection Completed - No Further Action,True,False,,
5231924,CHINA FUN TAKE OUT,11020 4 ST N,ST. PETERSBURG,2021-04-06,4,Call Back - Complied,True,False,Employee moved Basic - Food stored in undrained ice.,
5236219,PARTS OF PARIS,146 4 AVE N,SAFETY HARBOR,2021-05-14,2,Warning Issued,True,False,Two are out of service and one was being used with pans of ice in place to drop temperature.,
5239584,THE FRIENDLY TAVERN,18121 GULF BLVD,REDINGTON SHORES,2021-03-03,2,Inspection Completed - No Further Action,True,False,,
5245804,SAGES WEST BAY BISTRO,883 WEST BAY DR,LARGO,2021-01-13,2,Inspection Completed - No Further Action,True,False,,
5248896,CARETTA ON THE GULF,500 MANDALAY AVE,CLEARWATER BEACH,2021-04-09,1,Inspection Completed - No Further Action,False,False,,
5248905,TATE ISLAND GRILL,500 MANDALAY AVE,CLEARWATER BEACH,2021-01-27,1,Inspection Completed - No Further Action,False,False,Accumulation of black/green mold-like substance in the interior of the ice machine/bin.,2025-08-05
5255400,CA CAFE INC,420 22 ST S,ST. PETERSBURG,2021-01-27,1,Inspection Completed - No Further Action,False,False,,
5271887,LA V,441 CENTRAL AVENUE,ST. PETERSBURG,2021-03-23,3,Call Back - Complied,True,False,"Accumulation of black/green mold-like substance in the interior of the ice machine/bin. Interior of ice machine soiled with black, pink, and yellow substance.",
5272424,TRIP'S DINER,2339 DR MARTIN LUTHER KING JR DR N,ST. PETERSBURG,2020-12-09,2,Inspection Completed - No Further Action,True,False,,
5274685,CHOPSTICK EXPRESS INC,3946 4 ST N,ST. PETERSBURG,2021-01-11,3,Warning Issued,True,False,,
5274788,RAIN JAPANESE AND SUSHI BAR,5267 PARK ST N,ST. PETERSBURG,2021-04-21,3,Call Back - Complied,True,False,Accumulation of black/green mold-like substance in the interior of the ice machine/bin.,2025-12-02
5275370,LEOS ITALIAN GRILL,33286 US HIGHWAY 19 NORTH,PALM HARBOR,2020-11-17,2,Inspection Completed - No Further Action,True,False,,
5277788,RED ROBIN GOURMET BURGERS - COUNTRYSIDE MALL,27001 US HWY 19 N #1130,CLEARWATER,2021-04-22,3,Call Back - Complied,True,False,,
5292902,ATHENIAN GARDEN,2220 4 ST N,ST. PETERSBURG,2021-02-08,3,Call Back - Admin. complaint recommended,True,False,Ice bin handle front service station.,2025-09-22
5296245,HOOTERS OF CLEARWATER BEACH,381 MANDALAY AVE,CLEARWATER,2020-08-24,1,Inspection Completed - No Further Action,False,False,Ice buildup in reach-in glass freezer behind bar.,
5300374,MACDINTONS IRISH PUB AT JANNUS,242 1 AVE N,ST. PETERSBURG,2021-04-14,5,Call Back - Complied,True,False,Accumulation of black/green mold-like substance in the interior of the ice machine/bin.,2025-12-22
5311295,PEPOS CUBAN CAFE,9939 4 ST N,ST. PETERSBURG,2021-05-24,7,Warning Issued,True,False,Food stored in undrained ice.,2025-07-22
5317779,MANA MANA FALAFEL,530 PARK ST,CLEARWATER,2021-01-08,2,Emergency Order Callback Complied,True,False,,
5319576,YUMMY THAI RESTAURANT,10466 ROOSEVELT BLVD,ST. PETERSBURG,2021-02-01,1,Inspection Completed - No Further Action,False,False,,
5324463,PDQ,4526 4 ST N,SAINT PETERSBURG,2020-09-22,2,Call Back - Complied,True,False,,
5329470,THE AVENUE,330 1 AVE S,ST PETERSBURG,2021-04-15,4,Call Back - Admin. complaint recommended,True,False,,
5332402,VILLAGE RESTAURANT,2525 GULF TO BAY BLVD,CLEARWATER,2021-02-09,1,Warning Issued,False,False,,
5337498,OVERTIME,1969 SUNSET POINT ROAD,CLEARWATER,2020-07-20,1,Inspection Completed - No Further Action,False,False,- From initial inspection : Basic - Accumulation of black mold-like substance in the interior of the ice machine - From follow-up inspection 2026-06-08: Interior of ice machine has mold-like substance on the drop plate Intermediate - - From initial inspection : Intermediate - Manager or person in…,
5338500,JACK WILLIE'S BAR GRILL & TIKI,1011 ST PETERSBURG DR W,OLDSMAR,2020-07-09,1,Inspection Completed - No Further Action,False,False,"walk in cooler, walk in freezer and two ice machines located outside in mop sink area near garage door. Beverage service area with hand sink, ice bin, soda dispenser, iced tea, coffee brewer added in area near inside bar.",2025-10-13
5339368,TIJUANA FLATS BURRITO CO,10300 ROOSEVELT BLVD N,ST. PETERSBURG,2020-12-18,3,Administrative complaint recommended,True,False,,
5345130,GB RIZZOTTO ENTERPRISES LLC,11334 SEMINOLE BLVD,SEMINOLE,2021-02-03,1,Inspection Completed - No Further Action,False,False,,
5345546,SKYWAY CAFE,11140 4 ST N,ST. PETERSBURG,2020-11-24,3,Warning Issued,True,False,,
5354692,APPLEBEES NEIGHBORHOOD GRILL & BAR,5110 E BAY DR,CLEARWATER,2020-11-16,2,Inspection Completed - No Further Action,True,False,Basic - Ice buildup in reach-in cooler on left side of cook line at top of freezer.,
5354698,APPLEBEES NEIGHBORHOOD GRILL & BAR,10911 N STARKEY RD,LARGO,2020-09-01,1,Inspection Completed - No Further Action,False,False,,
5354701,APPLEBEES NEIGHBORHOOD GRILL & BAR,4700 4 ST N,ST. PETERSBURG,2021-01-21,2,Inspection Completed - No Further Action,True,False,,
5354746,APPLEBEES NEIGHBORHOOD GRILL & BAR,30180 N US HWY 19,CLEARWATER,2021-03-19,2,Inspection Completed - No Further Action,True,False,,
5354870,APPLEBEES NEIGHBORHOOD GRILL & BAR,1465 MCMULLEN BOOTH RD,CLEARWATER,2021-01-06,3,Inspection Completed - No Further Action,True,False,,
5354977,APPLEBEES NEIGHBORHOOD GRILL & BAR,2901 66 ST N,ST. PETERSBURG,2020-12-16,1,Inspection Completed - No Further Action,False,False,,
5355054,APPLEBEES NEIGHBORHOOD GRILL & BAR,4000 PARK BLVD,PINELLAS PARK,2021-04-09,2,Inspection Completed - No Further Action,True,False,,
5358562,DAVIDSON'S DOCKSIDE,527 ANCLOTE RD,TARPON SPRINGS,2021-04-12,4,Call Back - Complied,True,False,,
5358751,KA'TIKI,8803 W GULF BLVD,TREASURE ISLAND,2021-02-19,2,Inspection Completed - No Further Action,True,False,- From initial inspection : Basic - Accumulation of black/green mold-like substance in the interior of the ice machine/bin. Interior of ice machine soiled with black mold like debris.,2025-07-02
5364301,PIPO'S CAFE,9531 BAY PINES BLVD,ST. PETERSBURG,2020-07-28,1,Administrative complaint recommended,False,False,,
5374355,FRONTE PIZZA  LLC,5980 66 ST  NORTH STE A,ST. PETERSBURG,2021-03-31,2,Warning Issued,True,False,Basic - Ice buildup in reach-in freezers in kitchen.,
5381244,CD ROMA RESTAURANT,1462 66 ST N,ST. PETERSBURG,2021-02-25,1,Inspection Completed - No Further Action,False,False,,
5385546,BARRACUDA DELI  CAFE,6640 GULF BLVD,ST. PETERSBURG BEACH,2021-02-12,2,Inspection Completed - No Further Action,True,False,,
5405653,PF CHANGS CHINA BISTRO,27001 US HWY 19 N #1150,CLEARWATER,2021-03-09,2,Inspection Completed - No Further Action,True,False,Accumulation of black/green mold-like substance in the interior of the ice machine/bin.,
5409949,SOUTHERN FRESH,122 3RD AVE N,SAFETY HARBOR,2021-03-12,2,Inspection Completed - No Further Action,True,False,,
5412697,CS KOBE & ITALIAN,"13505 ICOT BLVD., STE. 207",CLEARWATER,2021-03-16,3,Call Back - Complied,True,False,Interior of ice machine soiled with pink substance.,
5415773,GERMAN BISTRO II,1300 E BAY UNIT L,LARGO,2021-05-12,2,Inspection Completed - No Further Action,True,False,,
5417379,BIRCHWOOD INN,340 BEACH DR NE,ST. PETERSBURG,2021-04-06,1,Inspection Completed - No Further Action,False,False,,
5419812,FIREHOUSE SUBS #744,10500 ULMERTON RD STE #750,LARGO,2020-12-01,1,Warning Issued,False,False,,
5423650,CHEDDARS,4101 PARK BLVD N,PINELLAS PARK,2021-04-09,1,Inspection Completed - No Further Action,False,False,,
5423733,BURGER KING #2972,2765 GULF TO BAY BLVD,CLEARWATER,2020-08-17,1,Emergency order recommended,False,False,,
5423735,BURGER KING #3006,3575 E BAY DR,LARGO,2020-12-14,1,Inspection Completed - No Further Action,False,False,,
5423741,BURGER KING #3131,3701 34 ST N,ST. PETERSBURG,2021-03-16,1,Inspection Completed - No Further Action,False,False,,
5423760,BURGER KING #4010,32375 US HWY 19 N,PALM HARBOR,2021-01-25,2,Inspection Completed - No Further Action,True,False,,
5423782,BURGER KING #4101,13238 66 ST,LARGO,2020-11-18,1,Inspection Completed - No Further Action,False,False,,
5423868,BURGER KING #16796,7930 US 19 N,PINELLAS PARK,2021-02-15,1,Inspection Completed - No Further Action,False,False,,
5428411,BIRCHWOOD INN 4TH FL KITCHEN & 5TH FL BAR,340 BEACH DRIVE NORTHEAST,ST. PETERSBURG,2021-04-06,1,Inspection Completed - No Further Action,False,False,Accumulation of black/green mold-like substance in the interior of the ice machine/bin. Interior ice chute soiled with black substance.,
5429720,DUNKIN DONUTS,4599 66TH ST,KENNETH CITY,2020-08-13,3,Warning Issued,True,False,-exterior of ice machine and ice bins behind front counter soiled with debris and mold like substance.,2025-11-07
5432158,MARCO'S PIZZA #8028,2508-D N MCMULLEN BOOTH RD,CLEARWATER,2020-11-25,2,Call Back - Complied,True,False,,
5433026,COURTYARD TAMPA OLDSMAR,4014 TAMPA RD,OLDSMAR,2020-12-23,1,Inspection Completed - No Further Action,False,False,,
5433105,RESIDENCE INN TAMPA OLDSMAR,4012 TAMPA RD,OLDSMAR,2021-01-25,1,Inspection Completed - No Further Action,False,False,,
5436990,THE AGEING STILL,11561 WALSINGHAM RD,LARGO,2021-04-20,3,Admin. Complaint Callback Complied,True,False,,
5437981,M & G BAKERY,4620 49TH ST N,ST PETERSBURG,2021-01-14,2,Inspection Completed - No Further Action,True,False,,
5440024,DESI TADKA INDIAN CUISINE,3780 TAMPA RD #D2,OLDSMAR,2021-02-23,2,Warning Issued,True,False,,
5441099,TASTY PHO,7430 49TH ST N,PINELLAS PARK,2021-03-23,3,Inspection Completed - No Further Action,True,False,,
5441550,TAP ROOM,421 4 AVE N,ST. PETERSBURG,2021-01-13,2,Inspection Completed - No Further Action,True,False,Accumulation of black/green mold-like substance in the interior of the ice machine/bin. Soda machine dispenser ice bin soiled with black mold like substance.,2025-09-30
5444555,STARLITE CRUISES,3400 PASADENA AVE S,SOUTH PASADENA,2021-03-10,2,Inspection Completed - No Further Action,True,False,-in bar area between ice machine and dish machine - From follow-up inspection 2026-02-11: Basic - - From initial inspection : Basic - Reach-in cooler interior/shelves have accumulation of soil residues.,
5461382,HOT TUNA SUSHI BAR AND GRILLE,3689 TAMPA RD STE 302B 303,OLDSMAR,2021-02-25,2,Inspection Completed - No Further Action,True,False,Accumulation of black/green mold-like substance in the interior of the ice machine/bin. Observed a mold like substance on white plastic shield in ice machine bin at time of inspection.,2025-12-22
5462242,BURGER KING #95,7371 SEMINOLE BLVD,SEMINOLE,2021-04-21,2,Warning Issued,True,False,,
5468296,BURGER KING 83,6760 22 AVE N,ST. PETERSBURG,2020-10-05,1,Inspection Completed - No Further Action,False,False,In-use ice scoop stored on soiled surface between uses. Ice scoop on top of ice machine.,2025-07-29
5476707,NORI THAI RESTAURANT,7612 BLIND PASS RD,ST.PETE BEACH,2020-12-22,1,Emergency order recommended,False,False,Cook line Basic - Unprotected ice machine in a customer/nonsecure area. Unsecured ice machine next to women's restroom Basic - Walk-in cooler/freezer shelves with rust that has pitted the surface.,
5478229,ANTHONY'S COAL FIRED PIZZA,2532 MCMULLEN BOOTH RD,CLEARWATER,2021-01-13,2,Inspection Completed - No Further Action,True,False,,
5484196,STREET HEAT LLC,6401 31ST N APT 1,ST. PETERSBURG,2021-05-12,1,Inspection Completed - No Further Action,False,False,,
5489929,GRAHAMES GOURMET CAFE,601 CLEVELAND ST STE 140,CLEARWATER,2021-02-26,1,Inspection Completed - No Further Action,False,False,,
5496526,WOK N ROLL,1112 94 AVE N,ST. PETERSBURG,2021-02-16,2,Inspection Completed - No Further Action,True,False,,
5505125,SEA HAGS BAR AND GRILL,9555 BLIND PASS RD,ST. PETE BEACH,2021-04-19,2,Warning Issued,True,False,,
5505867,CHINA HOUSE,2898 ALT 19,PALM HARBOR,2021-03-16,3,Warning Issued,True,False,Cooler handles soiled Basic - Ice buildup in reach-in freezer and/or walk-in freezer.,
5506894,CHINA WOK,1951 N PINELLAS AVE STE 501,TARPON SPRINGS,2020-08-25,1,Inspection Completed - No Further Action,False,False,,
5510066,GOLDEN STAR,10805 102  AVE,LARGO,2021-05-04,1,Inspection Completed - No Further Action,False,False,Food stored in undrained ice.,
5511305,HOME PLATE,234 DOUGLAS AVE,DUNEDIN,2020-12-07,2,Inspection Completed - No Further Action,True,False,,
5511425,FIRST WATCH RESTAURANT #125,4055 N TYRONE BLVD #204,ST. PETERSBURG,2021-01-07,2,Inspection Completed - No Further Action,True,False,,
5512766,EL TEXANO RESTAURANT,35903 US HWY 19 N,PALM HARBOR,2021-02-01,3,Call Back - Complied,True,False,,
5515383,AGAVE RESTAURANT,6400 GULF BLVD,ST.PETE BEACH,2021-04-19,2,Warning Issued,True,False,Basic - Food stored in undrained ice. Whole raw snapper in undrained ice water Basic - In-use knife/knives stored in cracks between pieces of equipment. Behind ice well at bar,
5518352,SEARED 1200 CHOPHOUSE,5007 GULF BLVD,ST.PETE BEACH,2020-12-09,1,Inspection Completed - No Further Action,False,False,Accumulation of black/green mold-like substance in the interior of the ice machine/bin. Interior of ice machine soiled with black mold like debris.,
5519618,COUNTRY PIZZA ITALIAN GRILL,14820 US HWY 19 N,CLEARWATER,2021-02-08,3,Inspection Completed - No Further Action,True,False,,
5522892,RUDY'S SPORTS BAR,11100 66 ST N,LARGO,2021-01-19,3,Call Back - Complied,True,False,Beer cooler behind bar Basic - Unprotected ice machine in a customer/nonsecure area.,
5523684,BREWERS TASTING ROOM,11270 4 ST N STE 202,ST PETERBURG,2021-02-04,1,Inspection Completed - No Further Action,False,False,,
5524029,PHO QUEEN VIETNAMESE RESTAURANT,29000 US HWY 19 N,CLEARWATER,2021-03-23,3,Call Back - Admin. complaint recommended,True,False,,
5524718,JIMMY'S CROW'S NEST,101 CORONADO DR,CLEARWATER,2020-07-27,1,Inspection Completed - No Further Action,False,False,"In-use ice scoop stored on soiled surface between uses. Ice scoop stored in cardboard box , 10th floor.",2025-07-23
5525248,PERERA CUBAN CAFE,5772 54 AVE N,KENNETH CITY,2020-07-10,1,Inspection Completed - No Further Action,False,False,,
5525821,THUY CAFE,5944 34 ST N #22,ST. PETERSBURG,2021-02-23,2,Inspection Completed - No Further Action,True,False,Accumulation of black/green mold-like substance in the interior of the ice machine/bin Costed at front counter.,2025-09-16
5528971,M L F TOWERS,540 2 AVE S,ST. PETERSBURG,2021-03-26,2,Inspection Completed - No Further Action,True,False,,
5533120,CHINA GARDEN,10391 66TH ST N,PINELLAS PARK,2021-03-05,2,Warning Issued,True,False,,
5539426,SALT ROCK TAVERN,3689 TAMPA RD 301,OLDSMAR,2021-06-04,2,Inspection Completed - No Further Action,True,False,,
5543279,FLAPJACKS,36287 US HWY 19 N,PALM HARBOR,2021-01-25,4,Warning Issued,True,False,,
5549786,RED ROBIN GOURMET BURGERS & BREWS,2468 TYRONE BLVD STE 435B,ST. PETERSBURG,2020-08-12,1,Inspection Completed - No Further Action,False,False,,
5550805,BONEFISH GRILL,2408 TYRONE BLVD,ST. PETERSBURG,2020-07-23,2,"Call Back - Extension given, pending",True,False,"Operator discarded all TCS foods, filled upper compartment with ice water and replaced TCS food items with new. - From follow-up inspection 2026-04-20: blue cheese (40F - Cold Holding); feta cheese (40F - Cold Holding), Caesar dressing (40F) All items on salad prep table are temping 41F and below,…",
5551108,BONEFISH GRILL #7003,2519 MCMULLEN BOOTH RD,CLEARWATER,2021-01-13,1,Inspection Completed - No Further Action,False,False,Accumulation of black/green mold-like substance in the interior of the ice machine/bin. Observed a pink slime inside ice machine bin at time of inspection.,2025-12-09
5558048,MACNASTY'S SPORT BAR,6295 GULF BLVD,ST.PETE BEACH,2021-01-06,2,Inspection Completed - No Further Action,True,False,,
5563502,LONNI'S SANDWICHES,1153 MAIN ST #106,DUNEDIN,2020-12-08,1,Inspection Completed - No Further Action,False,False,,
5571231,ROOSTERFISH GRILL,776 MISSOURI AVE N,LARGO,2020-10-20,4,Emergency Order Callback Complied,True,False,"Raw fish 46f, raw shrimp 45f, raw chicken 46f, ice added to product. Retemped items after 25 minutes 42f, 43f, operator will keep ice bags on products to keep temperature at 41f, or less.",2025-10-09
5576021,RUSH HOUR CHICKEN AND WAFFLES,2140 34 ST S,ST. PETERSBURG,2021-05-25,1,Administrative complaint recommended,False,False,,
5585472,TUTTO ROSSO,7863 BLIND PASS RD,ST.PETE BEACH,2021-03-31,2,Inspection Completed - No Further Action,True,False,,
5589376,TIJUANA FLATS BURRITO CO,2518 SR 580 STE A,CLEARWATER,2021-01-19,2,Inspection Completed - No Further Action,True,False,- From initial inspection : Basic - Accumulation of black/green mold-like substance in the interior of the ice machine.,2025-09-22
5598099,ZEKOS MEDITERRANEAN GRILL,4880 54 AVE N,ST. PETERSBURG,2020-11-06,3,Call Back - Complied,True,False,,
5599953,SNAPPERS,36657 US HWY 19 N,PALM HARBOR,2020-12-21,2,Inspection Completed - No Further Action,True,False,,
5608957,MCCALL & SON'S RESTAURANT,1828 49STREET SOUTH,ST. PETERSBURG,2021-03-10,2,Inspection Completed - No Further Action,True,False,- From initial inspection : Basic - Ice buildup in reach-in freezer.,
5614538,THE LEMON GRASS SUSHI THAI TAPAS INC,310 CENTRAL AVE,ST. PETERSBURG,2021-02-24,8,Emergency Order Callback Complied,True,False,Accumulation of black/green mold-like substance in the interior of the ice machine/bin. Both ice machine interiors soiled with black and yellow substance. Basic - Ice buildup in reach-in freezer and/or walk-in freezer. Observed ice build up in multiple stand alone freezers.,
5628049,FRENCHY'S OUTPOST INC,466 CAUSEWAY BLVD,DUNEDIN,2020-12-17,2,Warning Issued,True,False,Accumulation of black/green mold-like substance in the interior of the ice machine/bin. Interior of ice machine has accumulation of black mold like substance. Operator cleaned ice machine during visit.,
5638520,ROCOCO STEAK,655 2ND AVE,ST. PETERSBURG,2021-04-30,2,Inspection Completed - No Further Action,True,False,Accumulation of black/green mold-like substance in the interior of the ice machine/bin. Soda dispenser ice bin interior soiled with black substance.,
5639181,BEACH FIRE BBQ GRILLE,608 MANDALAY AVE,CLEARWATER BEACH,2021-05-04,3,Inspection Completed - No Further Action,True,False,,
5645032,HARDEE'S RESTAURANT #1500782,3795 34 ST N,ST. PETERSBURG,2020-11-16,1,Warning Issued,False,False,Accumulation of black/green mold-like substance in the interior of the ice machine/bin. Interior of ice machine with black mold like substance,2025-11-19
5647556,DOE DOES DINER,9395 BAY PINES BLVD,ST. PETERSBURG,2020-10-07,1,Inspection Completed - No Further Action,False,False,Basic - Unprotected ice machine in a customer/nonsecure area. Outside ice machine unlocked. Discussed with employee and ice machine was locked it.,
5653833,MARATHON GRILLE,33675 US HWY 19 N,PALM HARBOR,2021-02-24,3,Inspection Completed - No Further Action,True,False,,
5654789,TACO BELL,3401 5TH AVE N,ST. PETERSBURG,2021-01-07,2,Inspection Completed - No Further Action,True,False,,
5654826,TACO BELL #029579,3600 4 ST N,ST. PETERSBURG,2021-01-11,2,Inspection Completed - No Further Action,True,False,Accumulation of black/green mold-like substance in the interior of the ice machine/bin. Interior of ice chute on drink dispenser with black/green and red mold like substance. Basic - Ice buildup in reach-in freezer and/or walk-in freezer. Ice buildup up in standing double door reach-in freezer…,
5661246,CASTILE,3701 GULF BLVD,ST.PETE BEACH,2021-03-29,3,Warning Issued,True,False,,
5661593,BERNIE'S PLACE, 3135 18TH AVE SOUTH,SAINT PETERSBURG,2021-04-07,2,Inspection Completed - No Further Action,True,False,,
5662871,JERSEY MIKE'S SUBS,2687 ROOSEVELT BLVD STE 3,CLEARWATER,2020-12-02,2,Warning Issued,True,False,,
5665994,THE OYSTER BAR,249 CENTRAL AVE,ST. PETERSBURG,2021-04-14,2,Inspection Completed - No Further Action,True,False,,
5667922,GATEWAY TO INDIA,8300 BAY PINES BLVD,ST. PETERSBURG,2021-06-16,8,Emergency Order Callback Time Extension,True,False,Near ice machine Basic - Unwashed fruits/vegetables stored over ready-to-eat food. -at hand wash sink by dish pit -at hand wash sink by ice machine -at handwash sink on cookline Intermediate - No soap provided at handwash sink. No soap at hand wash sink by dish pit No soap at handwash sink by ice…,
5668051,SAKI ENDLESS SUSHI & HIBACHI EATERY,2643 GULF TO BAY BLVD STE 1550-1560,CLEARWATER,2021-03-19,2,Inspection Completed - No Further Action,True,False,Accumulation of black mold-like substance in the interior of the ice machine in back kitchen Manager cleaned ice machine interior Basic - No handwashing sign provided at a hand sink used by food employees in cook line area near bulk containers of food .,
5668566,TACO BELL #029569,4703 66 TH STREET N,KENNETH CITY,2021-06-15,3,Administrative complaint recommended,True,False,Accumulation of black/green mold-like substance in the interior of the ice machine/bin. -Ice chute on machine at drive thru window soiled with mold/mildew like debris,2025-10-06
5668605,TACO BELL #029565,9211 4TH STREET NORTH,ST. PETERSBURG,2020-10-26,2,Call Back - Complied,True,False,,
5668639,TACO BELL #029566,2028 66TH STREET,SAINT PETERSBURG,2020-07-20,1,Inspection Completed - No Further Action,False,False,,
5668694,TACO BELL #029567,1800 MAIN STREET,DUNEDIN,2020-12-10,2,Administrative complaint recommended,True,False,Accumulation of black/green mold-like substance in the interior of the ice machine/bin. Ice chute of soda machine in dining area has accumulation of mold like substance.,
5668756,TACO BELL #029568,4599 PARK BOULEVARD,PINELLAS PARK,2021-01-11,2,Inspection Completed - No Further Action,True,False,Walk in freezer door heavy ice building around outside door frame. Basic - Heavy Ice buildup in walk-in freezer around door frame not allowing door to close Basic - In-use utensil not stored with handle above the top of time/temperature control for safety food and rim of the container.,
5668929,HOPS & PROPS,335 2 AVE NE,ST. PETERSBURG,2021-04-07,4,Call Back - Complied,True,False,,
5672261,JACKS LONDON GRILL,1050 62 AVE N,ST. PETERSBURG,2021-01-06,2,Inspection Completed - No Further Action,True,False,,
5672315,CLEAR DRAUGHT HAUS,680 MAIN ST,DUNEDIN,2020-12-08,2,Inspection Completed - No Further Action,True,False,,
5673668,NICK'S CAFE,18167 US HWY 19 N STE 130,CLEARWATER,2021-02-16,2,Inspection Completed - No Further Action,True,False,,
5679553,SEA DOG CANTINA CLEARWATER,26200 US HIGHWAY 19 N,CLEARWATER,2021-04-13,2,Warning Issued,True,False,,
5682293,SUSHI INC,270 1ST AVE N,ST. PETERSBURG,2021-04-29,2,Warning Issued,True,False,- From initial inspection : Basic - Ice buildup in reach-in freezer and/or walk-in freezer.,2025-11-13
5684809,SIDS CARIBBEAN  GRILL,2623 CENTRAL AVE,ST. PETERSBURG,2021-06-17,1,Warning Issued,False,False,,
5688985,EL MAGUEY MEXICAN RESTAURANT,4327 66 ST N,KENNETH CITY,2020-08-05,1,Warning Issued,False,False,-ceiling in kitchen soiled with dust -wall behind ice machine soiled with dust Basic - Cold holding equipment not maintained in good repair.,
5712885,MELLOW MUSHROOM PIZZA BAKERS,2630 GULF TO BAY BLVD,CLEARWATER,2020-12-01,3,Call Back - Complied,True,False,,
5718332,EL HUARACHE AZTECA LLC,2908 ROOSEVELT BLVD,CLEARWATER,2020-12-11,1,Inspection Completed - No Further Action,False,False,,
5728736,MINGMING TEA,7218 CENTRAL AVE,ST. PETERSBURG,2020-11-23,1,Inspection Completed - No Further Action,False,False,,
5734141,COUNTRYSIDE LANES/ LUCKY'S,27867 US HWY 19 N,CLEARWATER,2020-12-28,2,Inspection Completed - No Further Action,True,False,,
5737270,BANQUET MASTERS RESTAURANT,13355 49TH STREET NORTH,CLEARWATER,2021-02-22,1,Warning Issued,False,False,,
5748455,IL RITORNO,449 CENTRAL AVE  STE 101,ST. PETERSBURG,2020-12-09,1,Inspection Completed - No Further Action,False,False,,
5755755,POPEYES,8700 ULMERTON ROAD,LARGO,2020-12-09,1,Inspection Completed - No Further Action,False,False,,
5762619,GREAT WALL CHINESE RESTAURANT,3424 TAMPA RD.,PALM HARBOR,2020-11-18,1,Inspection Completed - No Further Action,False,False,,
5764123,RAVELLO PIZERRIA,4900 E BAY DR STE C,CLEARWATER,2020-12-10,3,Warning Issued,True,False,,
5765071,DOMINO'S PIZZA #5025,6511 4TH STEET N,SAINT PETERSBURG,2020-09-01,1,Inspection Completed - No Further Action,False,False,,
5768715,BLUE SAKE,1425 MAIN ST SUITES IJK,DUNEDIN,2021-02-03,1,Inspection Completed - No Further Action,False,False,,
5768849,SUBWAY 47227,23055 US HWY 19 N UNIT 1,CLEARWATER,2021-03-09,2,Call Back - Complied,True,False,,
5777001,1933 PUB & GRILL,2245 NURSERY RD UNITS B & C,CLEARWATER,2021-02-12,3,Call Back - Complied,True,False,,
5781726,DUNKIN DONUTS/ BASKIN ROBBINS,2451 N MCMULLEN BOOTH ROAD,CLEARWATER,2020-09-28,1,Inspection Completed - No Further Action,False,False,"Blender pitchers next to faucet of hand wash sink at beverage station .Manager relocated pitchers Basic - Clean glasses, cups, bowls, plates, pots and pans not stored inverted or in a protected manner.Ice bucket not inverted or protected in food prep area . Manager inverted ice bucket Basic -…",
5782101,DUNKIN DONUTS,8595 SEMINOLE BLVD,SEMINOLE,2020-09-21,1,Inspection Completed - No Further Action,False,False,,
5790161,SIRI'S GOURMET BURGERS & PIZZA,2813 BEACH BLVD,GULF PORT,2021-04-01,4,Inspection Completed - No Further Action,True,False,- From initial inspection : Observed: Ice buildup in reach-in freezer and/or walk-in freezer.,2025-07-25
5791643,CASITA TAQUERIA,2663 CENTRAL AVE,ST. PETERSBURG,2021-05-11,2,Warning Issued,True,False,Accumulation of red mold-like substance in the interior of the ice machine/bin.,2025-10-02
5792233,GRANADINO'S ITALIAN RESTAURANT,1840 DREW ST,CLEARWATER,2021-03-18,2,Inspection Completed - No Further Action,True,False,Ice scoop handle in contact with ice.in reach in freezer in back kitchen . Manager relocated ice scoop,2025-12-30
5795278,MR HOOKAH,801 CLEVELAND ST STE A,CLEARWATER,2021-05-26,1,Inspection Completed - No Further Action,False,False,,
5797970,SMILEYS DELI,3441 CENTRAL AVE,ST. PETERSBURG,2021-01-25,2,Emergency order recommended,True,False,,
5808186,DUNKIN DONUTS,40076 US HWY 9,TARPON SPRINGS,2020-09-18,1,Inspection Completed - No Further Action,False,False,,
5808309,SMOKIN 19,3090 34 ST N,ST. PETERSBURG,2021-06-10,2,Warning Issued,True,False,,
5808913,LEAFY GREENS CAFE,1626 CENTRAL AVE,ST. PETERSBURG,2020-12-21,1,Warning Issued,False,False,,
5809176,SUNSET BISTRO,10700 GULF BLVD,TREASURE ISLAND,2020-10-29,3,Inspection Completed - No Further Action,True,False,,
5813068,TAKEE OUTEE,3408 E LAKE RD,PALM HARBOR,2021-04-14,3,Warning Issued,True,False,,
5813292,SUBWAY,1425 MAIN ST,DUNEDIN,2020-10-05,1,Inspection Completed - No Further Action,False,False,,
5816631,TACO BELL,903 PASADENA AVE S,SOUTH PASADENA,2020-10-29,1,Inspection Completed - No Further Action,False,False,"Accumulation of black/green mold-like substance in the interior of the ice machine/bin. Interior of ice chute in drive thru soiled with black mold like debris, ice chute at self service drink machine in dining room soiled with black mold like debris.",2025-07-02
5817912,ORIGINAL PIZZA,10661 GULF BLVD,TREASURE ISLAND,2021-02-19,2,Inspection Completed - No Further Action,True,False,,
5821763,TRIP'S DINER,10555 PARK BLVD N,SEMINOLE,2021-03-09,1,Warning Issued,False,False,,
5834717,FRANK'S PIZZA,1600 VIRGINIA ST,DUNEDIN,2021-03-08,2,Warning Issued,True,False,,
5835163,THE BAYOU CAFE,118 E TARPON AVE,TARPON SPRINGS,2021-05-19,9,Emergency Order Callback Not Complied,True,False,"Live, small flying insects found Approximately - 16 Small flies Under dish machine 2 small flies behind ice machine 1 on towel bucket at wait station",2025-12-04
5840331,FEATHER SOUND COUNTRY CLUB,2201 FEATHER SOUND DR,CLEARWATER,2021-03-18,1,Inspection Completed - No Further Action,False,False,Accumulation of mold-like substance in the interior of the ice bin.,
5840332,FEATHER SOUND COUNTRY CLUB,2201 FEATHER SOUND DR,CLEARWATER,2021-06-24,3,"Call Back - Extension given, pending",True,False,Basic - Small Ice buildup in walk-in freezer.,
5847627,JOES DELI,1710 N HERCULES AVE 114,CLEARWATER,2021-03-09,2,Inspection Completed - No Further Action,True,False,,
5851256,YOUR WAY CAFE,17757 US 19 N STE 190,CLEARWATER,2020-10-23,1,Inspection Completed - No Further Action,False,False,,
5852427,GREEN MARKET CAFE,2570 GULF TO BAY BLVD,CLEARWATER,2021-01-14,2,Inspection Completed - No Further Action,True,False,,
5857213,THAI TOWN,1342 MAIN ST,DUNEDIN,2021-04-21,7,Emergency order recommended,True,False,,
5860666,COLD STONE CREAMERY,35607 US HWY 19 N,PALM HARBOR,2020-08-03,1,Inspection Completed - No Further Action,False,False,Sponge stored on handwash sink on ice cream line.,2025-12-08
5866232,E & L PIZZA,2810 34 ST N,ST. PETERSBURG,2021-03-12,1,Inspection Completed - No Further Action,False,False,,
5867876,SHELLS OF ST PETE BEACH,7081 GULF BLVD,ST.PETE BEACH,2020-12-09,1,Inspection Completed - No Further Action,False,False,"Accumulation of black/green mold-like substance in the interior of the ice machine/bin. raw chicken 47f, ice added to product. Exterior of ice bin.",
5868931,MARKER 39,155 5 AVE N,SAFETY HARBOR,2020-12-10,1,Inspection Completed - No Further Action,False,False,,
5871083,BROOKLYN SOUTH LLC,1437 CENTRAL AVE,ST. PETERSBURG,2021-03-31,2,Call Back - Admin. complaint recommended,True,False,,
5872186,PROINO BREAKFAST CLUB II INC,14400 WALSINGHAM,LARGO,2020-12-01,1,Inspection Completed - No Further Action,False,False,"cut melon (50F - Cold Holding) in ice bath, food above top lip, moved to bottom of cooler",
5879397,NOBLE CRUST,8300 4TH STREET NORTH,ST. PETERSBURG,2021-04-27,6,Warning Issued,True,False,,
5883533,TIJUANA FLATS,13100 SEMINOLE BLVD SUITE 105,SEMINOLE,2021-01-22,1,Inspection Completed - No Further Action,False,False,,
5886882,KREPELICIOUS,1255 CARACAS AVENUE,CLEARWATER,2021-02-22,1,Inspection Completed - No Further Action,False,False,,
5887164,WAFFLE HOUSE,11403 ULMERTON ROAD,LARGO,2020-11-17,1,Inspection Completed - No Further Action,False,False,,
5888264,TEXAS ROADHOUSE,10105 BAY PINES BLVD,ST. PETERSBURG,2020-09-16,1,Inspection Completed - No Further Action,False,False,,
5888309,SNACK SHACK,15100 GULF BLVD,MADEIRA BEACH,2020-10-07,1,Warning Issued,False,False,,
5890067,POPPA'S BARBQUE LLC,4890 122 AVE N SUITE 5,CLEARWATER,2021-01-28,1,Inspection Completed - No Further Action,False,False,,
5892094,TACO BELL #030370,1495 4 ST SOUTH,ST. PETERSBURG,2021-01-08,2,Inspection Completed - No Further Action,True,False,,
5892279,PJS OYSTER  BAR,415 2ND ST,INDIAN ROCKS BEACH,2020-09-29,1,Inspection Completed - No Further Action,False,False,,
5894313,COMFORT INN NORTH,2260 54 AVE N,ST. PETERSBURG,2020-10-12,1,Inspection Completed - No Further Action,False,False,,
5894603,JET'S PIZZA,9649 BAY PIINES BLVD,ST. PETERSBURG,2020-12-10,1,Inspection Completed - No Further Action,False,False,,
5900942,YAMA TAIYO RESTAURANT,660 ALDERMAN RD,PALM HARBOR,2021-02-18,3,Warning Issued,True,False,- From initial inspection : Basic - Accumulation of black/green mold-like substance in the interior of the ice machine/bin. Interior of ice machine soiled with mold like substance.,2026-01-16
5906463,ASIAN HOUSE RESTAURANT,6800 GULFPORT BL SUITE #105,SOUTH PASADENA,2021-04-01,1,Administrative complaint recommended,False,False,,
5911196,RED LOBSTER #0019,6151 34 ST N,ST. PETERSBURG,2020-12-04,2,Inspection Completed - No Further Action,True,False,Ice cream scoop in dipper well with no running water. Exterior of ice machine lid with black/red mold like substance.,
5911301,RED LOBSTER #0348,26320 US 19 N,CLEARWATER,2021-03-16,1,Inspection Completed - No Further Action,False,False,,
5911457,OSAKA SUSHI & THAI RESTAURANT,13800 PARK BLVD N,SEMINOLE,2021-05-18,2,Inspection Completed - No Further Action,True,False,,
5911542,RED LOBSTER #0454,10500 E ULMERTON RD #490,LARGO,2021-01-15,2,Warning Issued,True,False,,
5912278,EMILY'S FAMILY RESTAURANT CLEARWATER,101 S GARDEN AVE,CLEARWATER,2021-02-02,2,Inspection Completed - No Further Action,True,False,,
5916818,THAI STAR SUSHI BAR,15229 GULF BLVD,MADEIRA BEACH,2021-04-13,2,Inspection Completed - No Further Action,True,False,Hood filters removed from cook line Basic - Ice scoop handle in contact with ice.,
5920003,THE GETAWAY,13090 GANDY BLVD,ST. PETERSBURG,2021-04-06,2,Emergency order recommended,True,False,Accumulation of black/green mold-like substance in the interior of the all 3 ice machine/bin inside prep area.,
5920280,FERG'S SPORTS BAR,1320 CENTRAL AVENUE,ST. PETERSBURG,2021-02-08,2,Warning Issued,True,False,,
5926189,THE BLACK PEARL RESTAURANT,315 MAIN ST,DUNEDIN,2020-11-30,1,Inspection Completed - No Further Action,False,False,,
5936988,THE FISHIN CHICKEN,299 69 ST N,CLEARWATER,2020-12-07,1,Inspection Completed - No Further Action,False,False,,
5937990,ANNATA WINE BAR,300 BEACH DRIVE NE,ST. PETERSBURG,2020-10-07,2,Administrative complaint recommended,True,False,,
5947268,OYA SUSHI,10525 PARK BLVD   UNIT 111,SEMINOLE,2021-03-09,2,Inspection Completed - No Further Action,True,False,,
5951191,ANOTHER BROKEN EGG CAFE,2554 N MCMULLEN BOOTH RD,CLEARWATER,2020-12-30,1,Inspection Completed - No Further Action,False,False,,
5951836,GRILL & CAFE LUNA LLC,8421 49 ST N,PINELLAS PARK,2021-04-15,2,Inspection Completed - No Further Action,True,False,,
5952275,CARMELITA'S MEXICAN GRILL & CANTINA,1280 MAIN ST,DUNEDIN,2020-09-24,2,Warning Issued,True,False,Accumulation of black/green mold-like substance in the interior of the ice machine/bin. Interior and lid of ice bin in server wait station soiled with black mold like substance.,2026-01-05
5952488,RUTH'S CHRIS STEAK HOUSE,131 2 AVE N,ST. PETERSBURG,2020-08-19,1,Inspection Completed - No Further Action,False,False,,
5955051,RED MESA MERCADO,1100 1ST AVENUE NORTH,ST. PETERSBURG,2021-01-05,2,Inspection Completed - No Further Action,True,False,Accumulation of black/green mold-like substance in the interior of the ice machine/bin. Interior of ice machine next to hand wash sink in kitchen with red/black mold-like substance along ceiling of unit.,
5955649,KOOKY COCONUT CAFÉ,760 GULF BLVD,INDIAN ROCKS BEACH,2021-01-05,1,Inspection Completed - No Further Action,False,False,Ice cream cones stored on floor.,
5960230,SURFSIDE TAP HOUSE,395 MANDALAY AVE,CLEARWATER,2021-04-21,2,Inspection Completed - No Further Action,True,False,Ice buckets not inverted.,
5962528,FAT CAT TAVERN,3665 EAST BAY DR SUITE 100,LARGO,2021-05-04,2,Inspection Completed - No Further Action,True,False,,
5962741,SEA SALT,153 2 AVE NORTH,ST. PETERSBURG,2021-01-19,2,Call Back - Complied,True,False,,
5967870,TASIA RESTAURANT,4648 PARK BLVD,PINELLAS PARK,2021-01-12,1,Inspection Completed - No Further Action,False,False,,
5968206,THE HAUS COFFEE SHOP INC,3690 EAST BAY DR UNIT Y,LARGO,2021-04-05,3,Call Back - Complied,True,False,,
5970706,CASPERS BBQ,5745 54TH AVE N,KENNETH CITY,2020-11-20,1,Inspection Completed - No Further Action,False,False,,
5977338,CHIEF'S CREOLE CAFÉ,903 22ND STREET SOUTH,ST. PETERSBURG,2021-04-13,2,Inspection Completed - No Further Action,True,False,,
5983403,SUBWAY #13351,7725 ULMERTON RD,LARGO,2020-07-17,1,Inspection Completed - No Further Action,False,False,,
5984831,CEDARS GRILL,6549 54 AVE N,ST.PETERSBURG,2021-03-31,2,Inspection Completed - No Further Action,True,False,- From follow-up inspection 2026-03-20: - From follow-up inspection 2026-05-13: Basic - - From initial inspection : Basic - Ice buildup in reach-in freezers.,
5992225,WESTSHORE PIZZA #16,6928 22 AVE N,ST. PETERSBURG,2020-12-29,1,Emergency order recommended,False,False,,
5994021,BOULEVARD BURGERS & TAP HOUSE,5905 GULF BLVD,ST.PETE BEACH,2020-11-18,4,Emergency order recommended,True,False,Accumulation of black/green mold-like substance in the interior of the ice machine/bin. Interior of ice machine with black mold like substance located behind business.,
6001865,IHOP #36-227,4671 PARK BLVD,PINELLAS PARK,2021-01-06,2,Inspection Completed - No Further Action,True,False,Ice buildup in walk-in freezer left side near door,2025-12-17
6003423,COVE CAY COUNTRY CLUB,2612 COVE CAY DR,CLEARWATER,2021-01-19,1,Inspection Completed - No Further Action,False,False,Ice buildup in reach-in freezer and/or walk-in freezer.,2025-09-05
6008041,THE BROWN BOXER PUB & GRILLE,731 BAYWAY BLVD,CLEARWATER BEACH,2020-07-17,2,Warning Issued,True,False,,
6012756,AL & STELLA RISTORANTE PIZZERIA,1261 GULF BLVD #110,CLEARWATER,2021-05-17,2,Inspection Completed - No Further Action,True,False,,
6014682,HAPPYS BAYOU BITES,431 SKINNER BLVD,DUNEDIN,2020-07-09,1,Inspection Completed - No Further Action,False,False,,
6021805,BRICK & MORTAR,539 CENTRAL AVE,ST. PETERSBURG,2020-12-17,2,Call Back - Complied,True,False,,
6023045,PITA'S REPUBLIC,10454 ROOSEVELT BLVD N,ST. PETERSBURG,2020-08-07,1,Warning Issued,False,False,,
6024068,LUCKY LOBSTER,941 HUNTLEY AVE,DUNEDIN,2021-02-22,2,Inspection Completed - No Further Action,True,False,,
6026880,DRAGON PHOENIX USA INC,9621 BAY PINES BLVD,ST. PETERSBURG,2021-04-30,1,Administrative complaint recommended,False,False,,
6028636,DUNKIN DONUTS,9991 BAY PINES BLVD,ST. PETERSBURG,2020-09-28,1,Warning Issued,False,False,"Ice in hand sink at front counter, used as dump sink Intermediate - No paper towels or mechanical hand drying device provided at handwash sink.",
6032372,SUBWAY #336,3355 5 AVE N,ST. PETERSBURG,2021-05-11,2,Warning Issued,True,False,,
6035548,REAL DEL MONTE PASTES Y MAS,1417 CLEVELAND ST,CLEARWATER,2020-10-22,1,Inspection Completed - No Further Action,False,False,,
6037249,COSMOS3 CAFE,13336 66 ST N,LARGO,2021-01-07,2,Inspection Completed - No Further Action,True,False,,
6039625,KEBABLICIOUS LLC,24862 US 19 N #504,CLEARWATER,2020-09-03,1,Call Back - Complied,False,False,,
6040818,CHICK FIL A AT ST PETE BEACH,4623 GULF BLVD,ST. PETERSBURG,2021-04-12,2,Inspection Completed - No Further Action,True,False,,
6041676,SIP 85,4940 RIDGEMOOR BLVD,PALM HARBOR,2021-03-26,2,Warning Issued,True,False,,
6042225,SPRING GARDEN FAMILY RESTAURANT,1018 62 AVE N,ST. PETERSBURG,2020-12-10,1,Inspection Completed - No Further Action,False,False,Basic - Ice buildup in reach-in freezer and/or walk-in freezer.,
6045326,CARAMBOLA,400 MANDALAY AVE,CLEARWATER,2021-03-10,2,Inspection Completed - No Further Action,True,False,Accumulation of black/green mold-like substance in the interior of the ice machine/bin.,
6047165,CICI'S PIZZA 180,4743 66 ST N,KENNETH CITY,2020-08-24,1,Inspection Completed - No Further Action,False,False,,
6047192,RAWK STAR CAFE & SUPERFOOD MARKETPLACE,4011 TAMPA RD #11-12,OLDSMAR,2021-01-07,1,Inspection Completed - No Further Action,False,False,,
6049518,JJ'S MARKET & DELICATESSEN,10535 GANDY BLVD,ST. PETERSBURG,2021-01-14,3,Call Back - Complied,True,False,,
6049707,STRACHAN'S HOMEMADE ICE CREAM & DESSERTS LLC,310 MAIN ST,DUNEDIN,2020-08-24,1,Inspection Completed - No Further Action,False,False,,
6052149,EAST BISTRO,"4100 EAST BAY DR, UNIT B34",CLEARWATER,2020-11-09,2,Inspection Completed - No Further Action,True,False,,
6053667,THE BURG DINER,2950 49 ST N,ST. PETERSBURG,2021-03-05,3,Inspection Completed - No Further Action,True,False,Accumulation of black mold-like substance and debris in the interior of the ice machine.,2025-09-17
6054132,BEIRUT CAFE,5281 PARK STREET NORTH,ST. PETERSBURG,2020-09-11,1,Inspection Completed - No Further Action,False,False,,
6054419,TWO COUSINS PIZZERIA,9277 SEMINOLE BLVD,SEMINOLE,2021-04-14,2,Inspection Completed - No Further Action,True,False,,
6054514,POM POM'S TEAHOUSE AND SANDWICHERIA ST PETE,2950 CENTRAL AVENUE NORTH,ST. PETERSBURG,2020-09-24,1,Inspection Completed - No Further Action,False,False,,
6065952,ATHENS RESTAURANT,226 MAIN ST,SAFETY HARBOR,2021-02-09,2,Warning Issued,True,False,,
6070205,CASITA TAQUERIA 2 INC,2701 4 ST NORTH,ST. PETERSBURG,2021-02-03,5,Call Back - Complied,True,False,Ice buildup in reach-in freezer and/or walk-in freezer. Ice buildup up in reach-in freezer along South wall of kitchen.,
6070483,CRAFT KAFE,6653 CENTRAL AVE,ST. PETERSBURG,2020-08-14,1,Inspection Completed - No Further Action,False,False,,
6072118,WAREHOUSE DELI,141 STEVENS AVE STE 8,OLDSMAR,2020-12-21,1,Inspection Completed - No Further Action,False,False,,
6077346,WABI SABI,35583 US 19 N,PALM HARBOR,2020-11-30,1,Inspection Completed - No Further Action,False,False,,
6077453,MUGS@ICOT,13563 ICOT BLVD,CLEARWATER,2021-03-08,2,Warning Issued,True,False,Handwashing sink at interior bar has strainer with ice in it.,
6078445,RICK'S ITALIANO INC,905 KLOSTERMAN ROAD,TARPON SPRINGS,2020-12-22,2,Inspection Completed - No Further Action,True,False,,
6080006,DUNKIN DONUTS,6101 GULF BLVD,ST PETERSBURG,2021-02-19,1,Inspection Completed - No Further Action,False,False,,
6080581,LITTLE CAESARS 647,3463 FOURTH ST N,ST. PETERSBURG,2020-08-10,1,Inspection Completed - No Further Action,False,False,,
6082619,URBAN BREW & BBQ,2601 CENTRAL AVE,ST. PETERSBURG,2021-05-10,1,Emergency order recommended,False,False,Accumulation of black/green mold-like substance in the interior of the ice machine/bin. Interior of ice machine with black/green mold like substance.,2025-08-14
6088963,TOASTED MONKEY BEACH BAR & SPORTS GRILL,6110 GULF BLVD,ST.PETE BEACH,2020-08-03,1,Inspection Completed - No Further Action,False,False,,
6092406,CRAFT STREET KITCHEN,3153 CURLEW RD,OLDSMAR,2021-05-21,1,Inspection Completed - No Further Action,False,False,Accumulation of black/green mold-like substance in the interior of the ice machine/bin. Observed a mold like substance inside ice machine bin at time of inspection.,2025-12-17
6092797,TJ'S SOUL AND GRILL INCORPORATED,9033 ULMERTON RD #8,LARGO,2021-03-09,2,Inspection Completed - No Further Action,True,False,,
6094347,MAIN KITCHEN & LOBBY BAR,100 CORONADO DR,CLEARWATER,2021-04-06,1,Inspection Completed - No Further Action,False,False,,
6094370,OCEAN HAI,100 CORONADO DR,CLEARWATER,2021-01-21,2,Inspection Completed - No Further Action,True,False,,
6094388,DOCKS,100 CORONADO DR,CLEARWATER,2021-04-06,1,Inspection Completed - No Further Action,False,False,,
6094432,STAFF CAFETERIA & PANTRY,100 CORONADO DR,CLEARWATER,2021-04-06,2,Inspection Completed - No Further Action,True,False,,
6097529,STILLWATERS TAVERN,224 BEACH DR NE,ST. PETERSBURG,2021-03-04,3,Administrative complaint recommended,True,False,- From initial inspection : Basic - Accumulation of black/green mold-like substance in the interior of the ice machine/bin. Ice machine interior and ice chute soiled with black mold like substance.,2025-09-30
6102671,DQ GRILL & CHILL DUNEDIN,1688 MAIN ST,DUNEDIN,2020-10-22,1,Inspection Completed - No Further Action,False,False,,
6107415,BENS PARADISE RESTAURANT,443 MAIN ST,SAFETY HARBOR,2020-12-10,2,Inspection Completed - No Further Action,True,False,,
6110170,VILLAGE INN,10155 BAY PINES BLVD,SEMINOLE,2021-04-08,1,Inspection Completed - No Further Action,False,False,,
6112638,DUNKIN DONUTS,2663 E LAKE RD,PALM HARBOR,2020-09-22,1,Warning Issued,False,False,,
6112791,EAST LAKE WOODLANDS COUNTRY CLUB UPSTAIRS,1055 E LAKE WOODSLANDS PARKWAY,OLDSMAR,2021-02-12,1,Inspection Completed - No Further Action,False,False,,
6117621,LITTLE GREEK ST PETERSBURG LLC,1052 4 ST N,ST. PETERSBURG,2020-07-28,1,Inspection Completed - No Further Action,False,False,Accumulation of black/green mold-like substance in the interior of the ice machine/bin. Soda machine ice chute soiled with black mold like substance.,
6119243,CUBAN & MEXICAN RESTAURANT,4016 ULMERTON RD,CLEARWATER,2020-08-04,1,Inspection Completed - No Further Action,False,False,,
6119278,CADDY'S ON THE BEACH,9000 W GULF BLVD,TREASURE ISLAND,2021-06-04,6,Emergency Order Callback Complied,True,False,,
6122145,LITTLE GREEK CUISINE,2245 GULF TO BAY BLVD,CLEARWATER,2021-02-09,2,Inspection Completed - No Further Action,True,False,,
6126822,CAFÉ CLASSICO EXPRESS,3200 E BAY DR,LARGO,2020-07-16,1,Inspection Completed - No Further Action,False,False,,
6128573,MOES SOUTHWEST GRILL,4683 PARK BLVD N,PINELLAS PARK,2021-01-14,2,Warning Issued,True,False,,
6129563,CULVERS OF SEMINOLE FL,10425 PARK BLVD,SEMINOLE,2021-02-02,2,Inspection Completed - No Further Action,True,False,"Ice buildup in walk-in freezer. Ice cream scoops in front of soft serve machine, manager adjusted",
6134940,THE MILL RESTAURANT,200 CENTRAL AVE #100,ST. PETERSBURG,2021-02-05,3,Emergency Order Callback Time Extension,True,False,,
6137830,WHISKEY WINGS,40737 US 19 N,TARPON SPRINGS,2020-07-13,1,Inspection Completed - No Further Action,False,False,,
6139967,KICKIN CARIBBEAN/CRAFTY CREPES,1701 N HARRISON AVE,CLEARWATER,2021-04-23,2,Inspection Completed - No Further Action,True,False,,
6146124,CAPTAIN BILL'S BEACH KITCHEN,145 107 AVE,TREASURE ISLAND,2021-05-17,2,Inspection Completed - No Further Action,True,False,,
6148852,THE DUNEDIN SMOKEHOUSE,471 MAIN ST,DUNEDIN,2021-01-26,2,Inspection Completed - No Further Action,True,False,Accumulation of black/green mold-like substance in the interior of the ice machine/bin.,2025-12-15
6149598,ASIAN PEARL OF CLEARWATER LLC,2551 DREW ST #104,CLEARWATER,2020-12-04,2,Call Back - Admin. complaint recommended,True,False,,
6149658,OLD KEY WEST BAR & GRILL,2451 CENTRAL AVE,ST. PETERSBURG,2021-05-05,4,Warning Issued,True,False,,
6150840,GLORY DAYS GRILL,9900 4TH STREET,ST. PETERSBURG,2021-02-02,3,Inspection Completed - No Further Action,True,False,Inside beer walk in cooler Basic - Ice bucket/shovel stored on floor between uses. Front of ice machine Basic - In-use tongs stored on equipment door handle between uses.,
6154188,CRYSTAL BAY HOTEL,7401 CENTRAL AVENUE,ST. PETERSBURG,2021-02-03,2,Inspection Completed - No Further Action,True,False,- From initial inspection : Basic - Accumulation of black mold-like substance in the interior of the ice machine.,2025-12-09
6156448,GRAND HACIENDA,4393 GULF BLVD.,ST. PETE BEACH,2021-04-19,3,Call Back - Complied,True,False,Accumulation of black/green mold-like substance in the interior of the ice machine/bin.,2025-09-29
6157415,HAWKERS ST PETE,1235 CENTRAL AVE,ST. PETERSBURG,2021-02-24,4,Warning Issued,True,False,,
6159807,JUNGLE PRADA TAVERN,1700 PARK ST N,ST. PETERSBURG,2020-12-10,2,Inspection Completed - No Further Action,True,False,Water from pipe draining onto floor behind ice machine. Basic - Water leaking from pipe behind ice machine Basic - Wet wiping cloth not stored in sanitizing solution between uses.,
6161189,KFC,2430 34 ST S,ST. PETERSBURG,2021-01-05,1,Inspection Completed - No Further Action,False,False,,
6161214,KFC,33420 US 19 N,PALM HARBOR,2020-11-19,1,Inspection Completed - No Further Action,False,False,,
6161219,KFC,956 PATRICIA AVE,DUNEDIN,2020-12-09,2,Inspection Completed - No Further Action,True,False,,
6161221,KFC,3144 TAMPA RD,OLDSMAR,2020-08-18,1,Inspection Completed - No Further Action,False,False,,
6166005,SEA TURTLE RESTAURANT,4599 GULF BLVD,ST.PETE BEACH,2021-03-03,2,Inspection Completed - No Further Action,True,False,,
6174103,CULVERS OF CLEARWATER,2008 GULF TO BAY BLVD,CLEARWATER,2020-12-18,2,Inspection Completed - No Further Action,True,False,Accumulation of mold-like substance in the interior of the ice machine drop plate .,2025-12-19
6174792,WENDY'S OLD FASHIONED HAMBURGERS,1452 PASADENA AVE S,SOUTH PASADENA,2020-11-18,2,Inspection Completed - No Further Action,True,False,,
6174807,WENDY'S OLD FASHIONED HAMBURGERS,2290 GULF TO BAY BLVD,CLEARWATER,2021-01-22,1,Inspection Completed - No Further Action,False,False,,
6174870,WENDY'S OLD FASHIONED HAMBURGERS,912 E TARPON AVE,TARPON SPRINGS,2020-08-26,1,Inspection Completed - No Further Action,False,False,,
6178072,ZAYTOON GRILL,1618 CENTRAL AVE,ST. PETERSBURG,2020-12-21,1,Warning Issued,False,False,,
6179027,TACO BELL #31793,2990 GULF TO BAY BLVD,CLEARWATER,2021-01-25,2,Inspection Completed - No Further Action,True,False,-Reach-in hot holding unit interior/shelves have accumulation of soil residues near walkway to office - employee in process of cleaning the hot holding unit at end of inspection -Accumulation of black/green mold-like substance in the interior of the ice chute in the customer self service area -…,
6184020,CHINA KING,6816 22 AVE N,ST. PETERSBURG,2021-02-22,1,Inspection Completed - No Further Action,False,False,,
6198141,SKYLINE CHILI II,"2045 GULF TO BAY BLVD, UNIT A",CLEARWATER,2020-09-25,1,Inspection Completed - No Further Action,False,False,,
6200606,WESTSHORE PIZZA,9388 OAKHURST RD,SEMINOLE,2020-07-23,1,Inspection Completed - No Further Action,False,False,,
6200672,THE WOODEN ROOSTER,104 2 AVE NE,ST. PETERSBURG,2021-01-13,2,Inspection Completed - No Further Action,True,False,Accumulation of black/green mold-like substance in the interior of the ice machine/bin.,
6201504,THE CIDER PRESS CAFÉ,601 CENTRAL AVENUE,ST. PETERSBURG,2021-03-25,2,Inspection Completed - No Further Action,True,False,,
6203463,HELLAS BAKERY,785 DODECANESE BLVD,TARPON SPRINGS,2020-09-03,1,Inspection Completed - No Further Action,False,False,,
6203504,PARTHENON RESTAURANT & BAKERY,751 DODECANESE BLVD,TARPON SPRINGS,2021-05-07,1,Inspection Completed - No Further Action,False,False,"Floor plan is from 2015, display coolers and ice cream cooler, espresso machine added, have been added to dining room, tables removed.",
6203505,TASTE OF GREECE,709 DOCECANESE BLVD,TARPON SPRINGS,2020-09-23,1,Inspection Completed - No Further Action,False,False,,
6207276,HOG ISLAND FISH CAMP,900 BROADWAY,DUNEDIN,2021-01-20,2,Inspection Completed - No Further Action,True,False,,
6208134,PDQ,2181 GULF TO BAY BLVD,CLEARWATER,2020-12-21,3,"Call Back - Extension given, pending",True,False,Ice cubes inside handwashing sink in the front counter area .,2025-07-14
6214742,MARCO'S PIZZA #8282,11182 66 ST,LARGO,2020-07-09,1,Inspection Completed - No Further Action,False,False,,
6217663,BRGR KITCHEN & BAR,10800 GULF BLVD,TREASURE ISLAND,2020-07-14,1,Inspection Completed - No Further Action,False,False,,
6217845,THE DOG BAR,2300 CENTRAL AVE,ST. PETERSBURG,2021-01-04,1,Inspection Completed - No Further Action,False,False,Accumulation of black/green mold-like substance in the interior of the ice machine/bin. Interior of ice machine in rear of bar soiled with black mold like debris. Basic - Ice scoop handle in contact with ice. Ice scoop handle touching ice in front of ice bin.,
6218557,SEA GUINI,430 S GULFVIEW BLVD,CLEARWATER,2021-03-23,2,Warning Issued,True,False,- From initial inspection : Basic - Accumulation of black/green mold-like substance in the interior of the ice machine/bin.,
6218589,FLYING WITH JEROME,1469 S BELCHERD RD,CLEARWATER,2020-11-13,2,Inspection Completed - No Further Action,True,False,,
6220079,SANDPIPER,833 DOUGLAS AVE,DUNEDIN,2020-12-10,1,Inspection Completed - No Further Action,False,False,,
6220258,BEAU N MO LLC,2924 5 AVE N,ST. PETERSBURG,2021-06-25,1,Inspection Completed - No Further Action,False,False,Accumulation of black/green mold-like substance in the interior of the ice machine/bin. Interior of ice machine at front bar with black/brown slimy mold like substance,2025-12-10
6221276,SPEGGTACULAR,7924 ULMERTON RD,LARGO,2021-01-11,3,Warning Issued,True,False,Basic - Ice buildup in walk in freezer near top condenser.,
6223931,EXTREME PIZZA,407 MANDALAY AVENUE,CLEARWATER,2021-01-13,2,Warning Issued,True,False,,
6229835,FRESHII 846,10328 ROOSEVELT BLVD N,ST. PETERSBURG,2021-02-19,1,Inspection Completed - No Further Action,False,False,,
6231933,NEWK'S EATERY,2613 GULF TO BAY BLVD #1650,CLEARWATER,2020-09-22,2,Warning Issued,True,False,,
6236618,SANDBAR - TIKI BAR @ OPAL SANDS RESORT,430 SOUTH GULFVIEW BLVD,CLEARWATER,2021-03-23,2,Inspection Completed - No Further Action,True,False,Accumulation of black/green mold-like substance in the interior of the ice machine/bin. Ice buckets. Ice buckets stored on floor.,
6237446,MAD BEACH CRAFT BREWING COMPANY,12945 VILLAGE BLVD,MADEIRA BEACH,2020-10-14,1,Inspection Completed - No Further Action,False,False,Accumulation of black/green mold-like substance in the interior of the ice machine/bin.,
6242078,MADE IN AMERICA LLC,937 CENTRAL AVE,ST. PETERSBURG,2021-06-10,4,Call Back - Admin. complaint recommended,True,False,,
6242890,BAVAROS PIZZA NAPOLETANA & PASTARIA ST PETE,945 CENTRAL AVE,ST. PETERSBURG,2021-04-07,2,Inspection Completed - No Further Action,True,False,Ice scoop handle in contact with ice in ice machine bin located in kitchen.,2025-08-01
6244438,OUR PLACE,1617 MAIN ST,DUNEDIN,2021-01-21,3,Warning Issued,True,False,,
6245651,TREASURE ISLAND R BAR,245 108 AVE,TREASURE ISLAND,2020-09-29,2,Warning Issued,True,False,,
6247161,CAFE MASALA,10324 ROOSEVELT BLVD,ST. PETERSBURG,2021-02-19,1,Inspection Completed - No Further Action,False,False,,
6252822,LITTLE GREEK ULMERTON RESTAURANT,3700 ULMERTON RD #101,CLEARWATER,2020-08-13,1,Warning Issued,False,False,,
6252913,GULFPORT COMFORT CAFÉ,5808 28TH AVE S,GULFPORT,2021-02-09,2,Inspection Completed - No Further Action,True,False,-women's restroom door doesn't self close Basic - Ice buildup in reach-in freezers by bathrooms.,
6256272,MIKE SUSHI,33855 US 19 N,PALM HARBOR,2021-03-30,2,Inspection Completed - No Further Action,True,False,,
6262715,THE LURE,661 CENTRAL AVE UNIT A,ST PETERSBURG,2021-03-09,1,Inspection Completed - No Further Action,False,False,,
6269573,DOGHOUSE DAVE'S INC,250 107 AVE,TREASURE ISLAND,2020-09-02,1,Warning Issued,False,False,,
6273762,WUNG THAI RESTAURANT AND SUSHI,5545 ROOSEVELT BLVD,CLEARWATER,2020-10-19,1,Inspection Completed - No Further Action,False,False,,
6273873,HAPPY SALMON,500 MAIN ST,SAFETY HARBOR,2021-02-26,1,Inspection Completed - No Further Action,False,False,,
6273924,MCDONALD'S 482,1860 GULF TO BAY BLVD,CLEARWATER,2020-08-26,1,Inspection Completed - No Further Action,False,False,,
6274112,MCDONALD'S 17817,1934 N HERCULES AVE,CLEARWATER,2020-08-13,1,Inspection Completed - No Further Action,False,False,Accumulation of black/green mold-like substance in the interior of the ice machine/bin. Brown mold like substance in ice machine by rear drive through window. Operator cleaned ice machine.,
6274968,SOLA BISTRO & WINE BAR,6700 GULF BLVD,ST.PETE BEACH,2021-06-10,2,Warning Issued,True,False,Food stored in undrained ice. Whole fish in undrained ice in walk in cooler,2025-12-09
6275376,"GRANTS CRABS, SEAFOOD & GRILLE",13030 STARKEY RD #3,LARGO,2021-04-07,3,Administrative complaint recommended,True,False,,
6279262,ASIAN KITCHEN,30611 US 19 N,PALM HARBOR,2021-02-08,2,Inspection Completed - No Further Action,True,False,,
6279510,BIFF BURGER,3939 49 ST N,ST. PETERSBURG,2021-05-14,11,Warning Issued,True,False,,
6283202,CARIBBEAN CRAVINGS INC,6836 PARK BLVD N,PINELLAS PARK,2021-06-25,7,Emergency Order Callback Time Extension,True,False,,
6283319,J&T FRESH CATERING,2675 66TH STREET N,ST. PETERSBURG,2021-02-22,1,Inspection Completed - No Further Action,False,False,,
6283427,SANTA FE MEXICAN GRILL,800 CLEARWATER LARGO,LARGO,2021-01-05,3,Inspection Completed - No Further Action,True,False,,
6284898,MCDONALD'S RESTAURANT,2675 ROOSEVELT BLVD,CLEARWATER,2021-03-19,2,Warning Issued,True,False,Ice buildup in walk-in freezer. Observed ice buildup up near door seals and fans of walk-in freezer.,2025-09-22
6285069,MCDONALD'S RESTAURANT,1250 W BAY DR,LARGO,2020-08-19,1,Warning Issued,False,False,,
6291673,SUBWAY,2610 BAYSHORE BLVD,DUNEDIN,2020-12-21,1,Inspection Completed - No Further Action,False,False,,
6293762,OHANA CAFE,1452 MAIN ST,DUNEDIN,2021-02-16,2,Warning Issued,True,False,,
6293961,CHINA MAX,27001 US 19 N #2092,CLEARWATER,2020-08-17,1,Inspection Completed - No Further Action,False,False,,
6297868,COURTYARD BY MARRIOTT ST. PETERSBURG DOWNTOWN,300 4 ST,ST. PETERSBURG,2021-03-09,2,Inspection Completed - No Further Action,True,False,,
6298918,SAUCED,1250 SEMINOLE BLVD,LARGO,2021-02-18,2,Inspection Completed - No Further Action,True,False,,
6301397,THE BRASS TAP,2438 TYRONE BLVD N,ST. PETERSBURG,2020-11-16,1,Warning Issued,False,False,,
6304288,MCDONALD'S #5704,7480 STARKEY RD,SEMINOLE,2020-10-02,1,Inspection Completed - No Further Action,False,False,,
6304301,MCDONALDS #5587,5464 66 ST N,ST. PETERSBURG,2020-07-23,1,Warning Issued,False,False,Basic - Ice buildup in doorway of walk-in freezer.,
6305986,BETTER BYRD,4447 4TH ST N,ST. PETERSBURG,2020-12-09,2,Warning Issued,True,False,,
6306014,FRESH KITCHEN ST PETERSBURG,4447 4TH ST N STE A,ST. PETERSBURG,2021-02-23,2,Inspection Completed - No Further Action,True,False,,
6311159,VANCHETTA,2001 1 AVE S,ST. PETERSBURG,2020-12-30,1,Inspection Completed - No Further Action,False,False,,
6312532,RODIE'S RESTAURANT & PANCAKE HOUSE,1097 S PINELLAS AVE,TARPON SPRINGS,2021-01-29,2,Inspection Completed - No Further Action,True,False,Cutting board at lift top cooler on cook line White drop plate in ice machine soiled with black substance - From follow-up inspection 2025-09-04:,2025-09-04
6315437,PUNKY'S BAR & GRILL,3063 CENTRAL AVENUE,ST. PETERSBURG,2021-01-26,3,Emergency order recommended,True,False,,
6315582,THREE WIZE MEN INC,6717 CENTRAL AVE,ST. PETERSBURG,2021-01-04,2,Warning Issued,True,False,,
6316409,ALMA LLANERA VENEZUELAN FOOD,6571 102 AVE N,PINELLAS PARK,2021-03-23,2,Inspection Completed - No Further Action,True,False,,
6318147,THE HONU,516 GRANT ST,DUNEDIN,2021-02-16,2,Warning Issued,True,False,,
6318202,COASTAL CANTINA AND GRILL,519 2ND ST S,SAFETY HARBOR,2021-05-14,2,Inspection Completed - No Further Action,True,False,,
6320410,HONG KONG 2525 INC,2525 PASADENA AVE S #K,SOUTH PASADENA,2021-01-19,2,Inspection Completed - No Further Action,True,False,,
6320948,CHECKERS F131,6401 PARK BLVD,PINELLAS PARK,2020-07-29,1,Inspection Completed - No Further Action,False,False,,
6321907,BACKDRAUGHTS,101 E TARPON AVE,TARPON SPRINGS,2021-01-27,1,Inspection Completed - No Further Action,False,False,,
6323600,ISABELLE'S AT THE PENINSULA,2937 BEACH BLVD S,GULF PORT,2020-12-15,1,Inspection Completed - No Further Action,False,False,,
6323736,DADDY DAWGS,3101 SR 580 STE E,SAFETY HARBOR,2020-10-26,1,Warning Issued,False,False,,
6328500,HYATT REGENCY CLEARWATER BEACH RESORT & SPA,301 GULFVIEW BLVD,CLEARWATER,2020-09-28,1,Inspection Completed - No Further Action,False,False,,
6328506,HYATT REGENCY CLEARWATER BEACH RESORT & SPA,301 GULF VIEW BLVD,CLEARWATER,2021-04-07,2,Inspection Completed - No Further Action,True,False,,
6330668,DA SPOT,305 S SAFFORD AVE,TARPON SPRINGS,2021-01-28,1,Inspection Completed - No Further Action,False,False,,
6332315,CHINA TASTE,1901 W BAY DR STE 3,LARGO,2020-11-05,1,Inspection Completed - No Further Action,False,False,,
6332651,TROPICAL SMOOTHIE CAFE,6400 PARK BLVD,PINELLAS PARK,2020-07-17,1,Inspection Completed - No Further Action,False,False,,
6338615,TAMPA BAY SKATING ACADEMY,251 LAKEVIEW DR,OLDSMAR,2021-03-26,1,Inspection Completed - No Further Action,False,False,,
6339265,18 ON THE ROCKS,2405 GULF BLVD,INDIAN ROCKS BEACH,2020-09-09,1,Inspection Completed - No Further Action,False,False,,
6339760,CHIPOTLE MEXICAN GRILL OF COLORADO LLC,5360 E BAY DR #100,CLEARWATER,2020-11-18,2,Inspection Completed - No Further Action,True,False,,
6344366,CHINA 99,1467 S BELCHER RD,CLEARWATER,2021-01-08,2,Inspection Completed - No Further Action,True,False,,
6344527,CHINA 1,33389 US 19 N,PALM HARBOR,2020-12-23,2,Warning Issued,True,False,,
6345176,TROPICAL SMOOTHIE CAFE,150 FOUNTAIN PKWY N STE B,ST. PETERSBURG,2020-11-10,1,Inspection Completed - No Further Action,False,False,,
6345182,TROPICAL SMOOTHIE CAFE,27001 US 19 N #2089A,CLEARWATER,2020-10-23,1,Inspection Completed - No Further Action,False,False,Ice scoop holder has a build up of debris and water at the bottom High Priority - Time/temperature control for safety food cold held at greater than 41 degrees Fahrenheit.,
6346094,CORNER,364 1 AVE N,ST. PETERSBURG,2020-10-26,1,Inspection Completed - No Further Action,False,False,,
6346614,CRAFTY SQUIRREL,259 CENTRAL AVE,ST. PETERSBURG,2021-03-05,3,Inspection Completed - No Further Action,True,False,"Accumulation of black/green mold-like substance in the interior of the ice machine/bin. Ice machine interior heavily soiled with black, brown, and pink mold like substance. In front of ice machine and reach in deli cooler storing dressings. Tubs of ice cream and cases of frozen foods stored on…",
6349499,EUREST@UHG OLDSMAR,601 BROOKER CREEK BLVD,OLDSMAR,2021-01-22,1,Inspection Completed - No Further Action,False,False,,
6350154,STARLITE CAFE,1336 MAIN ST,DUNEDIN,2020-11-19,1,Inspection Completed - No Further Action,False,False,,
6351808,POLLO TROPICAL 205,2140  GULF TO BAY BLVD.,CLEARWATER,2020-09-29,1,Inspection Completed - No Further Action,False,False,,
6352408,SALT CRACKER FISH CAMP,25 CAUSEWAY BLVD #105,CLEARWATER,2021-04-05,2,Warning Issued,True,False,Torn gasket on lid for ice cream freezer.,
6352426,MARINA CANTINA,25 CAUSEWAY BLVD #201,CLEARWATER,2021-04-12,1,Inspection Completed - No Further Action,False,False,Ice buckets.,2025-09-04
6352960,HUARACHE AZTECA 3,22097 US 19 N,CLEARWATER,2020-11-02,2,Inspection Completed - No Further Action,True,False,,
6355897,BONNIES BREAKFAST AND LUNCH,1714 COUNTY RD 1  UNIT 16,DUNEDIN,2020-12-09,2,Call Back - Complied,True,False,,
6356540,GABYS FAMILY RESTAURANT INC,4890 122ND AVE N STE 1,CLEARWATER,2021-02-08,3,Inspection Completed - No Further Action,True,False,,
6357666,OCEAN BLUE ASIAN FUSION LLC,2475 N MCMULLEN BOOTH RD STE M,CLEARWATER,2020-12-28,1,Inspection Completed - No Further Action,False,False,,
6358348,JIMMY GUANA'S SNACK SHACK,399 2ND STREET,INDIAN ROCKS BEACH,2021-03-25,1,Inspection Completed - No Further Action,False,False,,
6359344,CICIS 897,1560 MCMULLEN BOOTH RD,CLEARWATER,2020-07-02,1,Inspection Completed - No Further Action,False,False,,
6363521,HEAVY'S FOOD TRUCK,1245 18 AVE S,ST. PETERSBURG,2021-05-27,2,Call Back - Admin. complaint recommended,True,False,,
6367476,THAI ORCHID,4339 66 ST N,KENNETH CITY,2021-01-19,4,Emergency Order Callback Complied,True,False,- From initial inspection : Basic - Ice buildup in reach-in freezer and/or walk-in freezer.,2025-11-18
6374938,AVERAGE JOE'S BAR & GRILLE,5858 ROOSEVELT BLVD,LARGO,2021-01-08,2,Inspection Completed - No Further Action,True,False,,
6380942,BAYSIDE BAR & GRILL,20967 US 19 N,CLEARWATER,2021-01-22,2,Warning Issued,True,False,,
6385725,THE ISLAND GRILLE & RAW BAR,210 MADONNA BLVD,TIERRA VERDE,2021-04-22,1,Warning Issued,False,False,,
6388246,WENDY'S PROPERTIES LLC,4840 PARK ST,ST. PETERSBURG,2021-01-14,2,Warning Issued,True,False,,
6388286,WENDY'S PROPERTIES LLC,900 S MISSOURI AVE,CLEARWATER,2020-12-21,1,Inspection Completed - No Further Action,False,False,,
6388368,WENDY'S PROPERTIES LLC,1115 N 34 ST,ST. PETERSBURG,2021-03-31,1,Inspection Completed - No Further Action,False,False,Ice buildup in reach-in freezer and/or walk-in freezer. Ice buildup up in standing reach-in freezer.,2025-10-20
6388380,WENDY'S #969,34092 N US 19,PALM HARBOR,2021-01-07,1,Warning Issued,False,False,,
6388389,WENDY'S #1113,10751 PARK BLVD,SEMINOLE,2020-07-14,1,Inspection Completed - No Further Action,False,False,,
6388394,WENDY'S PROPERTIES LLC,4066 TAMPA RD,OLDSMAR,2020-12-29,1,Inspection Completed - No Further Action,False,False,,
6388416,WENDY'S PROPERTIES LLC,750 E LAKE RD S,PALM HARBOR,2020-08-31,2,Inspection Completed - No Further Action,True,False,,
6388421,WENDY'S PROPERTIES LLC,1802 MAIN ST,DUNEDIN,2020-07-13,1,Inspection Completed - No Further Action,False,False,,
6388425,WENDY'S PROPERTIES LLC,23072 US 19 N,CLEARWATER,2020-11-10,2,Warning Issued,True,False,,
6398776,EL CARRIEL,1215 N MARTIN LUTHER KING,CLEARWATER,2021-06-21,2,Inspection Completed - No Further Action,True,False,,
6399860,PETE'S RESTAURANT,2140 MAIN ST,DUNEDIN,2021-02-03,3,Call Back - Complied,True,False,,
6400803,PISCES SUSHI AND GLOBAL BISTRO,799 HIGHLAND AVE,DUNEDIN,2021-04-09,2,Warning Issued,True,False,,
6402408,CULVERS,9046 4TH ST N,ST. PETERSBURG,2021-01-08,2,Inspection Completed - No Further Action,True,False,,
6403632,TREASURE BAY RESORT & MARINA,11125 GULF BOULEVARD,TREASURE ISLAND,2020-08-18,1,Inspection Completed - No Further Action,False,False,,
6407786,WENDY'S 01219,9000 4TH STREET NORTH,ST. PETERSBURG,2020-09-22,2,Inspection Completed - No Further Action,True,False,,
6410048,METRO DINER,5250 4TH ST N,ST. PETERSBURG,2021-01-19,1,Inspection Completed - No Further Action,False,False,,
6410104,PIZZA HUT #4640,2421 4TH STREET NORTH,ST. PETERSBURG,2020-08-20,1,Inspection Completed - No Further Action,False,False,,
6411663,JOHNNYS TAPHOUSE & GRILL LLC,224 E TARPON AVE,TARPON SPRINGS,2021-04-06,3,Inspection Completed - No Further Action,True,False,,
6415982,JAMMIN'Z BEACH BAR,411 MANDALAY AVE,CLEARWATER,2020-12-02,1,Administrative complaint recommended,False,False,,
6419217,GREAT WALL II,3153 4 ST N,ST. PETERSBURG,2021-04-28,3,Inspection Completed - No Further Action,True,False,Ice buildup in reach-in freezer and/or walk-in freezer.,2025-07-01
6420058,GRINDHOUSE COFFEE AND CAFE,432 CLEVELAND ST STE E,CLEARWATER,2020-08-11,1,Inspection Completed - No Further Action,False,False,,
6420180,VENUS RESTAURANT,2441 W BAY DR,LARGO,2020-08-31,1,Inspection Completed - No Further Action,False,False,Accumulation of black/green mold-like substance in the interior of the ice machine/bin.,2025-08-06
6421859,EL GLACIAR,1228 S HIGHLAND AVE,CLEARWATER,2020-08-05,1,Inspection Completed - No Further Action,False,False,,
6426975,CKS EATS N DRINKS,325 S GULFVIEW BLVD,CLEARWATER,2021-04-13,2,Inspection Completed - No Further Action,True,False,,
6430760,SUBWAY,5310 EAST BAY DRIVE #300,LARGO,2020-09-04,1,Inspection Completed - No Further Action,False,False,,
6432441,SUSHI SPOT & NOODLE WORLD,3665 E BAY DR #146,LARGO,2020-12-22,1,Inspection Completed - No Further Action,False,False,,
6435418,CHINA WOK,7749 ULMERTON RD,LARGO,2021-04-30,2,Call Back - Complied,True,False,,
6443191,JULIS MEXICAN RESTAURANT,1237 CLEVELAND ST,CLEARWATER,2021-01-04,1,Inspection Completed - No Further Action,False,False,Accumulation of black mold-like substance in the interior of the ice machine. Manager cleaned interior of ice machine Basic - No handwashing sign provided at a hand sink used by food employees. Manager discarded roaches and cleaned and sanitized area Intermediate - No paper towels or mechanical…,
6444304,DENNY'S,940 MISSOURI AVE,LARGO,2020-10-05,4,Inspection Completed - No Further Action,True,False,,
6444333,DENNY'S,4999 34 ST N,ST. PETERSBURG,2021-05-24,3,Inspection Completed - No Further Action,True,False,Basic - Ice buildup in walk-in freezer.,
6445516,DUNKIN DONUTS,700 34 ST N,ST. PETERSBURG,2020-10-27,1,Inspection Completed - No Further Action,False,False,Ice buildup in reach-in freezer and/or walk-in freezer. Ice buildup up inside up in walk-in freezer.,2025-08-21
6446044,THAI RAMA 9,17807 GULF BLVD,REDINGTON SHORES,2021-06-01,2,Inspection Completed - No Further Action,True,False,,
6447135,CHICKEN SALAD CHICK,35267 US-19,PALM HARBOR,2020-12-14,2,Inspection Completed - No Further Action,True,False,,
6448819,JERSEY MIKE'S SUBS,2560 N MCMULLEN BOOTH ROAD,CLEARWATER,2020-11-30,1,Inspection Completed - No Further Action,False,False,,
6453373,"HIGH & DRY GRILL, INC",61 CAUSEWAY BLVD,DUNEDIN,2020-10-06,2,Warning Issued,True,False,,
6459657,ZAXBYS,8585 ULMERTON RD,LARGO,2021-01-20,1,Inspection Completed - No Further Action,False,False,,
6462895,RUSTY BELLIE'S WATERFRONT GRILL,937 DODECANESE BLVD,TARPON SPRINGS,2020-08-25,1,Inspection Completed - No Further Action,False,False,,
6463149,SKYWAY JACKS RESTAURANT,2795 34 ST S,ST. PETERSBURG,2020-07-13,2,Call Back - Complied,True,False,,
6468241,ALSACE FRENCH BISTRO,1120 PINELLAS BAYWAY S #113-114,TIERRA VERDE,2021-06-01,1,Inspection Completed - No Further Action,False,False,,
6475518,RUSSO'S NEW YORK PIZZERIA,2233 GULF TO BAY BLVD,CLEARWATER,2020-09-30,1,Inspection Completed - No Further Action,False,False,,
6477921,KC BREWBURGERS TAPHOUSE,5861 54TH AVENUE NORTH,KENNETH CITY,2021-06-08,3,Inspection Completed - No Further Action,True,False,Accumulation of black mold-like substance and yellow hard water buildup substance in the interior of the ice machine. Basic - Ice buildup in reach-in freezer behind bar.,
6479488,COFFEE GROUNDS,10929 GULF BLVD,TREASURE ISLAND,2020-08-03,1,Inspection Completed - No Further Action,False,False,,
6479523,THE LIVING ROOM ON MAIN,487 MAIN ST,DUNEDIN,2021-03-16,2,Inspection Completed - No Further Action,True,False,Ice buildup in reach-in freezer and/or walk-in freezer.,2025-12-15
6481337,BUYA,911 CENTRAL AVE,ST. PETERSBURG,2021-02-15,3,Warning Issued,True,False,,
6484495,MUGS N JUGS,2480 EASTBAY DR,LARGO,2021-01-06,2,Inspection Completed - No Further Action,True,False,,
6484552,SEABREEZE LOUNGE,30625 US 19 N,PALM HARBOR,2020-11-16,1,Inspection Completed - No Further Action,False,False,Accumulation of black/green mold-like substance in the interior of the ice machine/bin. Interior of ice in has accumulation of brown and black mold like substances. Ice buckets stored on floor of dry storage. Ice buckets not inverted in dry storage.,
6485169,PAPA'S NY DINER INC,1764 GULF TO BAY BLVD,CLEARWATER,2020-11-24,1,Inspection Completed - No Further Action,False,False,Ice bucket not stored inverted. Ice cream scoops stored in standing water.,
6486878,KEKE'S BREAKFAST CAFÉ,10500 ULMERTON RD STE 760,LARGO,2020-07-15,1,Administrative complaint recommended,False,False,,
6488216,CHIPOTLE MEXICAN GRILL OF COLORADO,11241 PARK BLVD N STE C,SEMINOLE,2021-01-07,1,Warning Issued,False,False,,
6490777,THE LITTLE LAMB GASTROPUB,2475 MCMULLEN BOOTH ROAD SUITE J,CLEARWATER,2021-04-30,1,Inspection Completed - No Further Action,False,False,,
6491755,BJ'S ASIAN FUSION,883 S PINELLAS AVE,TARPON SPRINGS,2021-01-11,1,Inspection Completed - No Further Action,False,False,- From initial inspection : Basic - Accumulation of black/green mold-like substance in the interior of the ice machine/bin.,
6492506,PHO 1,3665 E BAY DR #208,LARGO,2021-03-05,2,Inspection Completed - No Further Action,True,False,,
6495412,RRD RESTAURANT,768 N BELCHER RD,CLEARWATER,2021-01-15,2,Inspection Completed - No Further Action,True,False,Accumulation of black mold-like substance in the interior of the ice machine near mop sink,2025-12-17
6496521,OISHI SUSHI & THAI,3705 TAMPA RD #5,OLDSMAR,2021-01-21,2,Inspection Completed - No Further Action,True,False,,
6497283,THE REEF,14705 GULF BLVD,MADEIRA BEACH,2021-04-14,5,Warning Issued,True,False,Damaged concrete floors on cook line Basic - In-use ice scoop for ice machine located outside not stored in a protected manner between uses. Basic - Unprotected ice machine in a customer/nonsecure area.,
6497377,HUARACHE AZTECA,2020 BAYSHORE BLVD,DUNEDIN,2020-12-08,2,Inspection Completed - No Further Action,True,False,Accumulation of black/green mold-like substance in the interior of the ice machine/bin. Interior of ice machine has black mold like substance.,
6503041,TACO BAR,29835 US HWY 19 N,CLEARWATER,2021-02-08,2,Warning Issued,True,False,,
6504285,IHOP #36-71,5001 GULF BLVD,ST.PETE BEACH,2021-05-19,2,Inspection Completed - No Further Action,True,False,Ice buildup on walk-in freezer floor.,
6505338,CRAFTSMAN HOUSE,2955 CENTRAL AVE,ST. PETERSBURG,2020-12-02,1,Inspection Completed - No Further Action,False,False,Ice buildup in reach-in freezer and/or walk-in freezer. Ice buildup up in both reach-in freezers located in kitchen,2025-08-15
6505395,TOP CHINA,3018 54 AVE S,ST. PETERSBURG,2021-04-06,2,Inspection Completed - No Further Action,True,False,Ice buildup in reach-in freezer in warewashing area.,2025-10-01
6505440,THIRSTY FIRST,119 1ST AVE N,ST. PETERSBURG,2021-01-21,3,Call Back - Complied,True,False,,
6509363,DUNKIN DONUTS,1200 PASADENA AVENUE S,PASADENA,2020-10-29,2,Warning Issued,True,False,,
6510231,JOEYS NEW YORK PIZZA III LLC,30681 US HWY 19 N,PALM HARBOR,2021-05-28,3,Inspection Completed - No Further Action,True,False,,
6510605,SLOPPY JOE'S,10650 GULF BLVD,TREASURE ISLAND,2020-09-11,2,Inspection Completed - No Further Action,True,False,Accumulation of black/green mold-like substance in the interior of the ice machine/bin.,
6510624,BAZZIE'S BEACH BAR,10650 GULF BLVD,TREASURE ISLAND,2021-03-05,2,Inspection Completed - No Further Action,True,False,,
6510641,CRYSTAL SANDS,10650 GULF BLVD,TREASURE ISLAND,2021-03-30,2,Inspection Completed - No Further Action,True,False,,
6519677,OISHI SUSHI & JAPANESE STEAKHOUSE,5800 34 ST N,ST. PETERSBURG,2021-03-29,2,Inspection Completed - No Further Action,True,False,,
6520176,HOUSE OF MAMA D'S BARBEQUE & SEAFOOD SHACK,530 34 ST S,ST. PETERSBURG,2021-03-17,4,"Call Back - Extension given, pending",True,False,Basic - Ice buildup in reach-in freezer and/or walk-in freezer. Ice buildup up inside each white reach-in freezer throughout establishment Basic - Interior of refrigerator or freezer in disrepair/has exposed insulation.,
6521445,RICK'S REEF,6712 GULF BLVD,ST.PETE BEACH,2021-06-17,6,Warning Issued,True,False,Inside walk-in cooler: raw chicken (41F - Cold Holding); raw comminuted beef (43F - Cold Holding); cut tomato (43F - Cold Holding) Manager placed items on ice.,2025-12-03
6521524,BROOKLYN PIZZA COMPANY,10785 PARK BLVD,SEMINOLE,2021-04-14,2,Inspection Completed - No Further Action,True,False,,
6521790,MONKEY BAR OF CLEARWATER,1681 GULF TO BAY BLVD,CLEARWATER,2020-08-14,1,Warning Issued,False,False,,
6528048,DANSTE HOSPITALITY GROUP LLC,635 S GULFVIEW BOULEVARD,CLEARWATER BEACH,2021-04-16,2,Inspection Completed - No Further Action,True,False,Accumulation of black/green mold-like substance in the interior of the ice machine/bin. Ice buckets Basic - Cutting board has cut marks and is no longer cleanable.,
6528540,NICKEL CITY RESTAURANT & BAR LLC,7658 PARK BLVD,PINELLAS PARK,2021-05-17,4,Inspection Completed - No Further Action,True,False,Above ice machine near back door,2025-10-09
6528646,KING'S FRIED CHICKEN,2216 34 ST S,ST. PETERSBURG,2021-06-16,8,Emergency Order Callback Not Complied,True,False,,
6529429,CHINA KITCHEN CZ INC,268 3 ST S,ST. PETERSBURG,2021-03-18,1,Inspection Completed - No Further Action,False,False,,
6531090,PASADENA YACHT & COUNTRY CLUB DINING,6300 PASADENA POINT BLVD,GULFPORT,2020-11-24,1,Warning Issued,False,False,-stained and grooved cutting boards on cook line - From follow-up inspection 2026-05-07: Basic - - From initial inspection : Basic - Ice buildup in walk-in freezer on coils of cooling unit.,
6531124,PASADENA YACHT & COUNTRY CLUB,6300 PASADENA POINT BLVD,GULFPORT,2020-11-24,2,Inspection Completed - No Further Action,True,False,Accumulation of black mold-like substance in the interior of the ice machine.,2025-10-23
6533855,SAKI ENDLESS SUSHI & HIBACHI,35927 US 19 N,PALM HARBOR,2021-04-22,3,Inspection Completed - No Further Action,True,False,"Ice buckets not inverted, pans on drying rack not inverted with standing water.",2025-10-13
6535653,HACKETT'S CAUSEWAY CAFE & CREAMERY,901 CURLEW RD,DUNEDIN,2020-12-21,2,Inspection Completed - No Further Action,True,False,,
6535689,CLEAR SKY ON CLEVELAND,418 CLEVELAND ST,CLEARWATER,2020-12-30,3,Inspection Completed - No Further Action,True,False,Accumulation of black mold-like substance in the interior of the ice machine on the drop plate . Manager cleaned interior of ice machine Basic - No handwashing sign provided at a hand sink used by food employees at the two hand wash sinks at the bar. Ice inside strainer at one of the hand wash…,
6540639,THE IBERIAN ROOSTER,475 CENTRAL AVE STE 100,ST. PETERSBURG,2021-06-03,3,Warning Issued,True,False,,
6541405,WENDYS INTERNATIONAL LLC,8005 US HWY 19 N,PINELLAS PARK,2021-01-06,2,Inspection Completed - No Further Action,True,False,Ice buildup in door of walk-in freezer.,
6541840,JUICE HABIT,12788 INDIAN ROCKS ROAD,LARGO,2020-09-11,1,Inspection Completed - No Further Action,False,False,,
6545530,LOTUS VEGAN RESTAURANT,6575 PARK BLVD N,PINELLAS PARK,2021-04-21,3,Emergency order recommended,True,False,Accumulation of black mold-like substance in the interior of the ice machine.,2026-03-24
6548974,DOMINO'S PIZZA,1410 PINEHURST RD,DUNEDIN,2020-10-28,1,Inspection Completed - No Further Action,False,False,,
6552587,YAYA'S FLAME BROILED CHICKEN,10378 ROOSEVELT BLVD,ST. PETERSBURG,2020-12-16,2,Inspection Completed - No Further Action,True,False,Food-contact surface soiled with food debris Ice shoot soiled interior front counter Can opener.,2025-09-08
6566612,ARBY'S #66,1920 GULF TO BAY BLVD,CLEARWATER,2020-08-03,1,Inspection Completed - No Further Action,False,False,,
6567642,SUNSET LOUNGE,2558 SUNSET POINT RD,CLEARWATER,2020-11-16,1,Inspection Completed - No Further Action,False,False,- pitcher stored inside hand wash sink next to ice machine in office area .,2025-12-15
6568628,JIMMY HULAS,454 MANDALAY AVE,CLEARWATER,2021-04-15,1,Administrative complaint recommended,False,False,,
6569619,BELLISSIMO ITALIAN EATERY,13220 S BELCHER RD #19,LARGO,2021-04-07,3,Call Back - Admin. complaint recommended,True,False,,
6571083,CHINA GARDEN,2154 E BAY DR STE 17,LARGO,2021-04-06,2,Inspection Completed - No Further Action,True,False,,
6571599,MILLER'S ALE HOUSE INC,7695 113 ST N,SEMINOLE,2021-04-13,4,Inspection Completed - No Further Action,True,False,"Under ice machine Basic - Floor soiled/has accumulation of debris. Raw beef thawing at room temp on cart next to ice machine, moved to sink with running water High Priority - Employee failed to wash hands before putting on gloves to initiate a task working with food.",
6572260,ARBY'S #156,40972 US 19 N,TARPON SPRINGS,2021-06-01,2,Inspection Completed - No Further Action,True,False,,
6572265,ARBY'S #487,12260 SEMINOLE BLVD,LARGO,2020-07-09,1,Inspection Completed - No Further Action,False,False,,
6572275,ARBY'S #1499,30263 US 19 N,CLEARWATER,2020-12-28,1,Warning Issued,False,False,,
6573158,WOODEN LADLE NOODLE SHOP,3689 TAMPA RD # 305,OLDSMAR,2021-02-25,2,Inspection Completed - No Further Action,True,False,,
6576825,PANAI THAI LLC,11922 SEMINOLE BLVD,LARGO,2020-12-22,1,Inspection Completed - No Further Action,False,False,Dust along ceilings and walls in kitchen Basic - Ice scoop handle in contact with ice. Ice machine at front counter Basic - In-use utensil in non-time/temperature control for safety food not stored with handle above top of food within a closed container.,
6581908,TROPICAL SMOOTHIE CAFE,1840 GULF TO BAY BLVD.,CLEARWATER,2020-08-20,1,Inspection Completed - No Further Action,False,False,,
6586904,ZAPATA'S MEXICAN GRILL,3970 TAMPA RD STE M,OLDSMAR,2021-02-23,5,Administrative complaint recommended,True,False,,
6587767,PARK & REC,344 1 AVE SOUTH,ST. PETERSBURG,2021-05-20,3,Inspection Completed - No Further Action,True,False,Boxes of fryer oil stored on floor next to ice machine.,2025-12-09
6590021,THE BREAKROOM BAR & GRILL,13575 58 ST N STE 200,CLEARWATER,2021-03-12,2,Inspection Completed - No Further Action,True,False,,
6596075,LA NUEVA CANTINA,1625 4 ST S,ST. PETERSBURG,2021-03-30,4,Warning Issued,True,False,,
6596151,SEA BREEZE FAMILY RESTAURANT,6864 SEMINOLE BLVD,SEMINOLE,2021-01-12,1,Inspection Completed - No Further Action,False,False,,
6596453,HAWTHORNE BOTTLE SHOPPE,2927 CENTRAL AVE,ST. PETERSBURG,2020-09-21,1,Administrative complaint recommended,False,False,,
6598495,LITTLE GREEK FRESH GRILL,10801 STARKEY RD STE 11,LARGO,2021-06-24,3,Inspection Completed - No Further Action,True,False,,
6599229,BEACH BITES CAFE,12961 VILLAGE BLVD,MADEIRA BEACH,2021-05-17,1,Inspection Completed - No Further Action,False,False,,
6600624,COURTYARD CAFE,306 ORANGE ST N,PALM HARBOR,2020-11-17,1,Inspection Completed - No Further Action,False,False,,
6602584,DUNKIN DONUTS,11200 4 ST N,ST. PETERSBURG,2020-11-09,1,Warning Issued,False,False,,
6603605,ABC SEAFOOD RESTAURANT,2705 N 54TH AVE #3,ST. PETERSBURG,2021-03-01,2,Inspection Completed - No Further Action,True,False,,
6607616,DON CESAR HOTEL BEACON,3400 GULF BLVD,ST.PETE BEACH,2021-05-17,1,Inspection Completed - No Further Action,False,False,,
6607738,DON CESAR RESORT SPA - TAKE 5,3400 GULF BLVD,ST.PETE BEACH,2021-01-15,1,Inspection Completed - No Further Action,False,False,,
6607844,DON CESAR MARITANA GRILLE,3400 GULF BLVD,ST.PETE BEACH,2021-03-23,1,Inspection Completed - No Further Action,False,False,,
6608164,DON CESAR BANQUET KITCHEN,3400 GULF BLVD,ST.PETE BEACH,2021-04-15,1,Inspection Completed - No Further Action,False,False,,
6608938,DONCHOS LATIN BISTRO,299 69 ST,CLEARWATER,2020-12-07,1,Inspection Completed - No Further Action,False,False,,
6609265,MI CARRETA RESTAURANT & BAKERY INC.,2705 54TH AVE N,ST. PETERSBURG,2020-07-30,2,Call Back - Complied,True,False,Plastic cup used to scoop ice at rear wait station ice machine.,
6611005,I THAI & SUSHI,11002 SEMINOLE BLVD,LARGO,2021-04-26,5,Emergency Order Callback Complied,True,False,,
6611461,THE GALLEY,27 4 ST N,ST. PETERSBURG,2020-11-04,2,Inspection Completed - No Further Action,True,False,Food items in pullout drawers above flat: raw grouper (46F - Cold Holding); raw steak (46F - Cold Holding); raw ground beef patty (45F - Cold Holding) Bags of ice were placed on top of food items to bring the temperatures down.,2025-09-29
6612599,ACQUA ALTA,2454 N MCMULLEN BOOTH RD  STE 205,CLEARWATER,2020-10-22,1,Inspection Completed - No Further Action,False,False,,
6613265,BIG APPLE BUFFET II,1035 62 AVE N,ST. PETERSBURG,2020-12-08,11,Emergency Order Callback Not Complied,True,False,,
6615747,APPLEBEE'S NEIGHBORHOOD RESTAURANT,7995 113 ST,SEMINOLE,2021-02-10,2,Inspection Completed - No Further Action,True,False,Accumulation of black/green mold-like substance in the interior of the ice machine/bin.,2025-07-02
6615753,COUNTRY BOY RESTAURANT,1353 MAIN ST,DUNEDIN,2020-08-04,1,Inspection Completed - No Further Action,False,False,,
6616803,CHINA 1,7815 9 ST N,ST. PETERSBURG,2020-12-10,1,Inspection Completed - No Further Action,False,False,,
6618596,CROSSROADS CAFE,1020 EAST LAKE WOODLANDS PARKWAY,OLDSMAR,2020-10-02,1,Inspection Completed - No Further Action,False,False,,
6618888,UNCLE ANDY'S ICE CREAM PARLOR,3400 GULF BLVD,ST.PETE BEACH,2021-02-01,1,Warning Issued,False,False,,
6620320,LA QUINTA INN & SUITES CLEARWATER SOUTH,5000 LAKE BLVD,CLEARWATER,2020-10-07,1,Inspection Completed - No Further Action,False,False,,
6625239,PIZZA@ TYRONE SQUARE,6901 22ND AVE N # VC08,ST. PETERSBURG,2021-02-01,2,Inspection Completed - No Further Action,True,False,,
6625438,HOLIDAY INN EXPRESS HOTEL SEMINOLE FL,4816 100 WAY N,ST PETERSBURG,2020-07-08,1,Inspection Completed - No Further Action,False,False,,
6626102,STUDIO MOVIE GRILL,7718 113 ST,SEMINOLE,2021-05-27,2,Inspection Completed - No Further Action,True,False,,
6626308,DON'S IRISH PUB,3007 6TH ST S,ST. PETERSBURG,2021-02-15,1,Warning Issued,False,False,,
6630999,COUNTRY MARKET & DELI,2128 9TH AVE N,ST PETERSBURG,2021-05-18,1,Inspection Completed - No Further Action,False,False,Ice buildup in reach-in freezer and/or walk-in freezer. Ice buildup up in chest reach-in freezer,2025-10-22
6632850,4 PLAY GENTLEMAN'S LOUNGE,10387 GANDY BLVD,ST. PETERSBURG,2021-03-02,3,Warning Issued,True,False,,
6633016,SUSHI KABUKI,10801 STARKEY RD STE 18,SEMINOLE,2021-01-22,2,Warning Issued,True,False,,
6633064,PAL JOEY'S,1791 S HIGHLAND AVE,LARGO,2020-12-09,2,Inspection Completed - No Further Action,True,False,,
6635252,ROYAL PALM ROOM,5300 GULF BLVD,ST. PETE BEACH,2021-05-10,2,Inspection Completed - No Further Action,True,False,,
6635276,HARRY'S KITCHEN,5300 GULF BLVD,ST. PETE BEACH,2021-04-15,2,Inspection Completed - No Further Action,True,False,,
6635289,HARRY'S BEACH BAR,5300 GULF BLVD,ST.PETE BEACH,2021-04-15,2,Inspection Completed - No Further Action,True,False,,
6635301,RUM RUNNERS,5300 GULF BLVD,ST.PETE BEACH,2021-04-21,2,Inspection Completed - No Further Action,True,False,,
6635312,COMPASS GRILLE,5300 GULF BLVD,ST.PETE BEACH,2021-04-21,3,Call Back - Complied,True,False,,
6637209,THE JAMES MUSEUM OF WESTERN AND WILDLIFE ART,150 CENTRAL AVE,ST. PETERSBURG,2020-09-30,1,Warning Issued,False,False,Accumulation of black/green mold-like substance in the interior of the ice machine/bin.,2025-09-23
6640485,JIMMY'S ON THE EDGE/ LEVEL 10,505 SOUTH GULFVIEW BLVD,CLEARWATER BEACH,2020-07-21,1,Inspection Completed - No Further Action,False,False,Accumulation of black/green mold-like substance in the interior of the ice machine/bin.,
6640757,505 AT THE EDGE / LEVEL 6,505 S GULFVIEW BLVD,CLEARWATER BEACH,2020-09-09,1,Inspection Completed - No Further Action,False,False,Accumulation of black/green mold-like substance in the interior of the ice machine/bin.,2025-07-09
6646310,KARMA JUICE BAR & EATERY,2095 DREW ST,CLEARWATER,2020-12-10,1,Inspection Completed - No Further Action,False,False,"Ice machine added to room near dish washing area .Per operator , plans to relocate oven and add the next door unit for food prep area to the kitchen in the future .",
6647026,BRAVO NY PIZZERIA,100 MAIN STREET SUITE 104,SAFETY HARBOR,2020-12-22,2,Administrative complaint recommended,True,False,,
6647442,ANNEX 400 BEACH,400 BEACH DRIVE NE # 130,ST. PETERSBURG,2020-10-27,2,Warning Issued,True,False,Accumulation of black/green mold-like substance in the interior of the ice machine/bin. Interior of ice machine soiled with pink substance.,
6648729,DUNKIN DONUTS,3920 ULMERTON ROAD,CLEARWATER,2021-03-10,1,Inspection Completed - No Further Action,False,False,,
6652120,BUONA RISTORANTE,4705 GULF BLVD,ST.PETE BEACH,2021-02-18,2,Inspection Completed - No Further Action,True,False,,
6652326,DECCAN SPICE TAMPA BAY,2325 ULMERTON RD STE 28,CLEARWATER,2021-03-12,11,Emergency Order Callback Time Extension,True,False,,
6652826,FRABOTTA'S BEACH KITCHEN & SALTWATER HIPPIE BEACH BAR,15031 GULF BLVD,MADEIRA BEACH,2021-04-08,2,Warning Issued,True,False,Accumulation of black/green mold-like substance in the interior of the ice machine/bin.,2025-12-11
6653018,FLAPJACKS,3101 SR 580 STE G,SAFETY HARBOR,2021-02-16,1,Inspection Completed - No Further Action,False,False,,
6660678,CULVER'S OF PINELLAS PARK,4702 PARK BLVD,PINELLAS PARK,2021-05-19,5,Warning Issued,True,False,,
6662177,SQUARE PLATE RESTAURANT,9131 US HWY 19 N,PINELLAS PARK,2020-09-02,1,Inspection Completed - No Further Action,False,False,,
6663699,DUNKIN DONUTS,8650 49TH ST N,PINELLAS PARK,2020-10-02,2,Warning Issued,True,False,Ice scoop handle in contact with ice. Ice well at front counter Basic - Single-service articles not stored inverted or protected from contamination.,
6664128,WENDY'S PROPERTIES LLC,3335 ULMERTON RD,CLEARWATER,2021-01-04,2,Inspection Completed - No Further Action,True,False,,
6664982,SIAM THAI & SUSHI,5460 EAST BAY DR SUITE 100,CLEARWATER,2020-12-10,2,Administrative complaint recommended,True,False,Interior of ice machine has black substance at top.,
6665559,BLINKERS BEACHSIDE,476-478 MANDALAY AVE,CLEARWATER,2021-05-04,2,Inspection Completed - No Further Action,True,False,,
6665821,TROPEZ,437 CENTRAL AVE,ST. PETERSBURG,2021-06-02,4,Warning Issued,True,False,,
6669454,DA SESTO ITALIANO RISTORANTE VINO,7201 66 ST N,PINELLAS PARK,2021-04-29,2,Inspection Completed - No Further Action,True,False,,
6672353,ANTOJITOS DONA CHIRRIS,2095 N HIGHLAND ST,CLEARWATER,2020-09-04,1,Inspection Completed - No Further Action,False,False,,
6676529,NUEVO VALLARTA PINELLAS PARK,9359 US HWY 19 N,PINELLAS PARK,2021-03-16,3,Call Back - Complied,True,False,Accumulation of black/green mold-like substance in the interior of the ice machine/bin.,
6682787,TASTE OF THE ISLANDS RESTAURANT AND GRILL,2231 34 ST S,ST. PETERSBURG,2021-04-12,5,Warning Issued,True,False,,
6682814,THE ESTATE/COPPER SHAKER,169 1 AVE N,ST. PETERSBURG,2021-04-30,3,Warning Issued,True,False,Accumulation of black/green mold-like substance in the interior of the ice machine/bin. Interior of all ice machines heavily soiled with black mold like substance. Missing at hand sink next to ice machines.,
6683184,KAO THAI KITCHEN,7199 66TH ST N,PINELLAS PARK,2021-05-26,2,Emergency order recommended,True,False,,
6685229,SLIZZY MCGEES BAR & GRILL,1159 62 AVE N,ST. PETERSBURG,2020-11-16,2,Call Back - Admin. complaint recommended,True,False,,
6688721,SWEET CAROLINES MAB,1840 MEASE DR SUITE 102,SAFETY HARBOR,2021-02-08,2,Inspection Completed - No Further Action,True,False,,
6688756,BURGER KING #24024,40565 US HWY 19 N,TARPON SPRINGS,2020-08-26,1,Inspection Completed - No Further Action,False,False,,
6695707,THE RESTORATIVE,420 PATRICIA AVE,DUNEDIN,2021-02-16,2,Inspection Completed - No Further Action,True,False,,
6697537,HYATT PLACE ST PETERSBURG,25 2ND STREET NORTH,ST PETERSBURG,2021-02-04,2,Inspection Completed - No Further Action,True,False,White cutting board on preparation table across from ice machine and reach in deli cooler cutting board on cook line are grooved.,2025-09-09
6697756,NEIGHBORHOOD JOE                                 ,2607  9TH ST NORTH,ST PETERSBURG,2021-01-08,1,Inspection Completed - No Further Action,False,False,,
6700525,CHILI'S GRILL & BAR,2200 66 ST N,ST. PETERSBURG,2021-01-19,2,Warning Issued,True,False,Ice buildup in walk-in freezer near door.,
6701374,HARBOR MASTER TIKI GRILLE,9395 BAY PINES BLVD,ST. PETERSBURG,2021-05-17,3,Warning Issued,True,False,,
6703574,SHARKS BAR & GRILL,1479 BELCHER RD S STE PQRS,LARGO,2021-05-17,3,Inspection Completed - No Further Action,True,False,Accumulation of pink and black mold like substance on the inside of the ice machine next back exit door to left side of kitchen.,
6709460,CLEARWATER FAMILY RESTAURANT,1844 N HIGHLAND AVE,CLEARWATER,2020-08-03,1,Inspection Completed - No Further Action,False,False,Basic - Unprotected ice machine in a customer/nonsecure area . Manager locked gate to ice machine .,
6709685,BUSY BEE SNAK SHOP,7345 49 TH ST N,PINELLAS PARK,2021-02-17,2,Inspection Completed - No Further Action,True,False,,
6711674,THE RIB SHACK BBQ,426 W BAY DR,LARGO,2021-01-20,2,Inspection Completed - No Further Action,True,False,,
6711712,CADDY'S INDIAN SHORES,20025 GULF BLVD,INDIAN SHORES,2021-01-28,1,Inspection Completed - No Further Action,False,False,Accumulation of black/green mold-like substance in the interior of the ice machine/bin. Napkins stored on floor in room across from ice machine.,
6720333,WESTSHORE PIZZA,2989 W BAY DR,BELLEAIR BLUFFS,2020-10-28,1,Inspection Completed - No Further Action,False,False,,
6721477,GOLDEN WOK CHINA BUFFET,1410 N MISSOURI AVE,LARGO,2020-12-16,1,Inspection Completed - No Further Action,False,False,,
6722457,SEIKAKU,1269 BAYSHORE BLVD,DUNEDIN,2021-06-11,2,Inspection Completed - No Further Action,True,False,,
6722523,SEA DOG BREWING COMPANY,9610 GULF BLVD,TREASURE ISLAND,2021-06-16,4,"Call Back - Extension given, pending",True,False,Accumulation of black/green mold-like substance in the interior of the ice machine/bin. Downstairs ice bin next to walk in beer cooler. Upstairs ice bin in server station.,
6724459,GRACE ST PETE,120 8 AVE,ST.PETE BEACH,2021-06-25,2,Inspection Completed - No Further Action,True,False,,
6729016,WESTSHORE PIZZA,2824 54 AVE S,ST. PETERSBURG,2020-08-24,1,Administrative complaint recommended,False,False,,
6730940,PHO BOWL EXPRESS,1550 N MCMULLEN BOOTH RD STE F4,CLEARWATER,2021-03-15,1,Inspection Completed - No Further Action,False,False,Ice buildup in reach-in freezer and/or walk-in freezer. Heavy ice buildup on speed reach in walk-in freezer,2025-09-22
6732520,P.D.Q.,7400 SEMINOLE BLVD,SEMINOLE,2021-02-15,3,Warning Issued,True,False,,
6735569,BARFLY - SALTWATER GRILL,100 MAIN ST  STE 101,SAFETY HARBOR,2021-05-14,3,Call Back - Complied,True,False,,
6737473,HALONG BAY 2,10500 ULMERTON RD STE 288,LARGO,2021-02-15,1,Warning Issued,False,False,Accumulation of black/green mold-like substance in the interior of the ice machine/bin.,2025-12-05
6737557,GRAIN & BERRY,33840 US 19 N,PALM HARBOR,2020-09-14,1,Inspection Completed - No Further Action,False,False,,
6741664,BLACKBRICK TAVERN & KITCHEN,432 CLEVELAND ST,CLEARWATER,2021-01-05,2,Call Back - Complied,True,False,,
6742090,CLEAN EATZ,6840 22 AVE N,ST. PETERSBURG,2021-02-09,3,Warning Issued,True,False,,
6757612,MIAMI'S BEST CUBAN,7194 SEMINOLE BLVD,SEMINOLE,2020-09-22,1,Inspection Completed - No Further Action,False,False,,
6759815,IRISH 31'S SEMINOLE,7724 113 ST N,SEMINOLE,2021-01-12,1,Inspection Completed - No Further Action,False,False,,
6759975,PHR STPFL BEVERAGE LLC,940 5 AVE S,ST. PETERSBURG,2021-03-03,1,Warning Issued,False,False,- From initial inspection : Basic - Accumulation of black/green mold-like substance in the interior of the ice machine/bin. Interior of ice machine with black mold like substance. Interior of ice chute at customer self service with black mold like substance. Hand wash sink next to ice machine used…,
6760243,PIN WOK AND BOWL,445 CENTRAL AVE,ST. PETERSBURG,2021-03-10,1,Inspection Completed - No Further Action,False,False,,
6763891,BIG C'S BBQ,1035 9 ST S,ST. PETERSBURG,2021-04-28,2,Call Back - Complied,True,False,,
6766242,CHINA 1 WOK,1950 34 ST N,ST. PETERSBURG,2021-06-10,5,Emergency Order Callback Not Complied,True,False,Ice buildup in reach-in freezer and/or walk-in freezer. Ice buildup in multiple freezer units.,2025-09-04
6767006,FABRICA PIZZA,101 7 ST SOUTH,ST. PETERSBURG,2021-01-14,1,Inspection Completed - No Further Action,False,False,Accumulation of black/green mold-like substance in the interior of the ice machine/bin. Soda dispenser ice chute soiled with black pink substance in dinning room area.,
6767085,DUNKIN DONUTS,13050 WALSINGHAM ROAD,LARGO,2020-07-30,1,Inspection Completed - No Further Action,False,False,,
6768070,MAGGIE ON THE MOVE,7101 BURLINGTON AVE N,ST. PETERSBURG,2021-02-17,1,Inspection Completed - No Further Action,False,False,,
6768124,WAFFLE HOUSE,2510 SUNSET POINT,CLEARWATER,2020-07-23,1,Inspection Completed - No Further Action,False,False,Accumulation of black mold-like substance in the interior of the ice bin in the back corner area .,
6771181,MOONLIGHT TEAHOUSE,6129 PARK BLVD,PINELLAS PARK,2020-10-15,1,Inspection Completed - No Further Action,False,False,,
6772214,PHO KIEN GIANG ,8730 49 ST N UNIT 13,PINELLAS PARK,2021-03-08,2,Inspection Completed - No Further Action,True,False,,
6772955,LONGHORN STEAKHOUSE # 5576,2400 TYRONE BLVD,ST. PETERSBURG,2020-10-08,1,Emergency order recommended,False,False,,
6773913,ORANGE BLOSSOM AT HSN,2501 118 AVE N ST,ST. PETERSBURG,2021-06-11,3,Warning Issued,True,False,,
6775264,SUSHI TU LLC,288 WINDWARD PASSAGE,CLEARWATER,2021-05-12,1,Warning Issued,False,False,,
6777224,LE'S BAGUETTE,9150 49 ST N UNIT J&K,PINELLAS PARK,2021-03-24,5,Warning Issued,True,False,,
6781400,GIGGLEWATERS,737 MAIN ST #104,SAFETY HARBOR,2021-03-01,2,Inspection Completed - No Further Action,True,False,,
6784129,CROWN & BULL,319 MAIN ST,DUNEDIN,2020-10-07,2,Inspection Completed - No Further Action,True,False,Ice buildup in reach-in freezer and/or walk-in freezer. Ice buildup in reach in freezer in upstairs prep kitchen.,2026-03-16
6784640,PACIUGO GELATO & CAFFE ST PETE,300 BEACH DR NE #120,ST. PETERSBURG,2020-08-19,1,Inspection Completed - No Further Action,False,False,Accumulation of black/green mold-like substance in the interior of the ice machine/bin. Silver counter top ice machine interior soiled with limes ale build up.,2025-10-09
6787280,2ND AND 2ND DINER,201 2 AVE N,ST. PETERSBURG,2021-04-14,2,Inspection Completed - No Further Action,True,False,,
6788400,NUEVA CANTINA EXPRESS,1625 4 ST S,ST. PETERSBURG,2020-08-05,1,Inspection Completed - No Further Action,False,False,,
6788739,MINI RESTAURANT,1740 4 ST  S,ST. PETERSBURG,2020-10-07,1,Inspection Completed - No Further Action,False,False,,
6789338,TANGERINE,333 1 STREET S,ST. PETERSBURG,2021-03-10,1,Inspection Completed - No Further Action,False,False,,
6789344,GRAND BALL ROOM,333 1 ST S,ST. PETERSBURG,2021-03-10,2,Inspection Completed - No Further Action,True,False,,
6789374,RED MESA EVENTS,128 3 ST S,ST. PETERSBURG,2021-05-04,3,Warning Issued,True,False,,
6789836,11 CHICKS WHOLESALES DIV,199 DR MLK JR ST N,ST. PETERSBURG,2021-02-12,1,Administrative complaint recommended,False,False,,
6790470,EL GUERRERO MEXICAN GRILL INC,9727 66 ST N,PINELLAS PARK,2021-04-16,2,Warning Issued,True,False,,
6794600,SUBWAY #468,9301 4 ST N,SAINT PETERSBURG,2020-11-19,1,Inspection Completed - No Further Action,False,False,,
6799668,MAPLE STREET BISCUIT COMPANY,662 CENTRAL AVE,ST. PETERSBURG,2020-08-18,1,Warning Issued,False,False,,
6803860,WHATAPHO LLC,4505 PARK BLVD N STE 9,PINELLAS PARK,2021-03-16,3,Inspection Completed - No Further Action,True,False,Gaskets broken at front deli cooler for vegetable Basic - Food stored in undrained ice. Employee removed undrained ice.,
6810665,WESTSHORE PIZZA,40699 US HWY 19 N ,TARPON SPRINGS ,2020-07-02,1,Inspection Completed - No Further Action,False,False,,
6811226,LEFT BANK BISTRO,1225 MARTIN LUTHER KING JR ST N,ST. PETERSBURG,2021-05-27,4,Warning Issued,True,False,,
6811949,ICE ROLLS,2454 N MCMULLEN BOOTH RD  STE 303,CLEARWATER,2021-06-18,1,Inspection Completed - No Further Action,False,False,,
6811976,M & G CUBAN CAFE,7177 ULMERTON RD,LARGO,2020-11-09,1,Inspection Completed - No Further Action,False,False,"Pizza oven, sink and ice machine added to back area that was food storage area only on existing plans.",
6814683,CHICKEN SALAD CHICK,7839 113TH STREET NORTH STE A&B,SEMINOLE,2020-11-16,1,Inspection Completed - No Further Action,False,False,,
6815978,PHO HA TIEN,6139 PARK BLVD,PINELLAS PARK,2021-03-24,2,Inspection Completed - No Further Action,True,False,,
6816352,JIMMYS SUSHI BAR JAPANESE LLC,5731 SEMINOLE BLVD,SEMINOLE,2021-06-01,3,Call Back - Complied,True,False,Accumulation of black/green mold-like substance in the interior of the ice machine/bin.,
6818789,OEC SUSHI & HIBACHI,13847 WALSINGHAM RD  UNIT G,LARGO,2021-02-04,1,Inspection Completed - No Further Action,False,False,,
6821975,BAR 23FIFTY,2350 CURLEW RD,PALM HARBOR,2021-02-01,2,Inspection Completed - No Further Action,True,False,- From initial inspection : Basic - Accumulation of black/green mold-like substance in the interior of the ice machine/bin.,2025-10-21
6825867,"BOATHOUSE RESTAURANT, P S GRIND COFFEE SHOP, STAMPS INTERIOR BAR",6300 GULF BLVD,ST.PETE BEACH,2021-03-12,2,Inspection Completed - No Further Action,True,False,,
6825879,POSTCARD INN-SNACK SHACK BEACH BAR AND TIKI BARS,6300 GULF BLVD,ST.PETE BEACH,2021-02-04,2,Inspection Completed - No Further Action,True,False,,
6826475,D&E DONUTS,1453 S BELCHER RD,CLEARWATER,2020-12-10,2,Warning Issued,True,False,,
6829909,WILLIE JEWELL'S OLD SCHOOL BBQ,7724 113 ST N  STE D,SEMINOLE,2020-08-18,1,Warning Issued,False,False,,
6831535,FLANAGANS IRISH PUB,465 MAIN ST,DUNEDIN,2021-03-31,3,"Call Back - Extension given, pending",True,False,"Ice bucket not inverted in waitstation, operator inverted bucket, Basic - Cutting board has cut marks and is no longer cleanable.",
6831773,STARKEY CHINA WOK INC,7570 STARKEY RD STE H,SEMINOLE,2020-11-17,1,Inspection Completed - No Further Action,False,False,,
6832566,MADISON AVENUE PIZZA,2660 BAYSHORE BLVD,DUNEDIN,2020-12-17,2,Inspection Completed - No Further Action,True,False,,
6833838,JOHNNYS PIZZA,3001 28 ST N,ST. PETERSBURG,2021-05-05,2,Warning Issued,True,False,,
6837737,LA GLORIA RESTAURANT,8232 ULMERTON RD,LARGO,2020-11-20,2,Warning Issued,True,False,,
6839728,OLDE BAY CAFE & DUNEDIN FISH MARKET,51 MAIN ST,DUNEDIN,2020-12-15,2,Inspection Completed - No Further Action,True,False,,
6840994,PAULS CHICAGO PIZZA,11002 4 ST N,ST. PETERSBURG,2020-12-11,2,Inspection Completed - No Further Action,True,False,,
6845160,BOB EVANS RESTAURANT 158,2410 66 ST N,ST. PETERSBURG,2021-01-07,2,Inspection Completed - No Further Action,True,False,- From follow-up inspection 2026-02-09: - From follow-up inspection 2026-02-10: Basic - - From initial inspection : Basic - Ice buildup on floor in walk-in freezer.,
6848600,BOB EVANS RESTAURANT 582,2183 GULF TO BAY BLVD,CLEARWATER,2020-12-18,2,Inspection Completed - No Further Action,True,False,- soiled ice chute at front line beverage station,
6854310,SMUGGLER'S ISLAND PUB,1101 NEBRASK AVE,PALM HARBOR,2021-02-02,1,Inspection Completed - No Further Action,False,False,,
6855505,CARVEL,33223 US 19 N,PALM HARBOR,2020-09-08,2,Warning Issued,True,False,,
6866566,SUPER SCOOPS,11025 GULF BLVD,TREASURE ISLAND,2020-09-02,1,Inspection Completed - No Further Action,False,False,,
6869133,PAN FILOS,656 S GULFVIEW BLVD,CLEARWATER,2021-05-19,2,Inspection Completed - No Further Action,True,False,,
6869936,CHARLIES SUSHI & JAPANESE RESTAURANT LLC,1200 CLEVELAND ST,CLEARWATER,2021-04-06,2,Inspection Completed - No Further Action,True,False,,
6873718,SUSHI-SHO REXLEY,214 2 ST N,ST. PETERSBURG,2020-11-18,1,Inspection Completed - No Further Action,False,False,"Observed frozen items in double door frozen: raw salmon, raw lobster, raw ice fish, raw beef,raw salmon belly.",2025-11-19
6881269,ALDO'S NEW YORK PIZZA,2551 DREW ST #201,CLEARWATER,2020-07-30,3,Emergency Order Callback Complied,True,False,,
6883777,HOGAN'S HANGOUT,499 MANDALAY AVE,CLEARWATER,2021-01-20,1,Inspection Completed - No Further Action,False,False,,
6884285,JOE'S CRAB SHACK,2730 GULF TO BAY BLVD,CLEARWATER,2020-12-01,4,Call Back - Complied,True,False,,
6885338,CMX TYRONE SQUARE,2998 TYRONE BLVD N,ST. PETERSBURG,2021-02-23,1,Inspection Completed - No Further Action,False,False,"Ice buildup in reach-in freezer at kitchen entrance, reach in freezer for ice cream at concession stand, and reach in freezer on cook line.",2025-10-14
6885354,CMX COUNTRYSIDE 12 ,27001 US HWY 19 N  STE 2100,CLEARWATER,2021-02-15,1,Inspection Completed - No Further Action,False,False,,
6885366,CHINA 1,1831 N HIGHLAND AVE STE 10,CLEARWATER,2021-04-05,2,Emergency order recommended,True,False,,
6885553,TIJUANA FLATS,2849 GULF TO BAY BLVD UNIT C,CLEARWATER,2021-01-21,1,Inspection Completed - No Further Action,False,False,,
6887303,CATEGORY 36 TAPHOUSE,7430 GULF BLVD,ST.PETE BEACH,2021-04-20,2,Inspection Completed - No Further Action,True,False,,
6887554,FIREHOUSE SUBS OF TARPON SPRINGS,40545 US HWY 19 N  STE C,TARPON SPRINGS,2020-12-07,2,Inspection Completed - No Further Action,True,False,,
6887956,PIZZA HUT,1391 34 ST N,ST. PETERSBURG,2020-07-13,1,Inspection Completed - No Further Action,False,False,,
6890014,CHICK-FIL-A TYRONE SQUARE #00308,2257 TYRONE BLVD N,ST. PETERSBURG,2020-11-17,1,Inspection Completed - No Further Action,False,False,,
6896144,ST119 CENTRAL BURGER/WOAH DOGGY,1 TROPICANA DR,ST. PETERSBURG,2021-04-13,1,Inspection Completed - No Further Action,False,False,,
6897589,ST147 PAPA JOHN'S,1 TROPICANA DR,ST. PETERSBURG,2021-04-09,1,Inspection Completed - No Further Action,False,False,,
6897610,LEVY PREMIUM FOODSERVICE LIMITED PARTNERSHIP,1 TROPICANA DR,ST. PETERSBURG,2021-05-27,2,Inspection Completed - No Further Action,True,False,,
6897621,RAYS CLUB MAIN,1 TROPICANA DR,ST. PETERSBURG,2021-04-09,1,Warning Issued,False,False,,
6897642,LEVY PREMIUM FOODSERVICE LIMITED PARTNERSHIP,1 TROPICANA DR,ST. PETERSBURG,2021-04-09,1,Inspection Completed - No Further Action,False,False,,
6899005,TAQUITOS MEXICAN,9617 BAY PINES BLVD,ST PETERSBURG,2021-05-12,1,Inspection Completed - No Further Action,False,False,,
6899664,PORTOFINO ITALIAN RISTORANTE,5035 34 ST S,ST. PETERSBURG,2021-05-19,3,Call Back - Complied,True,False,,
6899806,SHAWARMA FUSION,29166 US HWY 19 N,CLEARWATER,2020-12-04,1,Warning Issued,False,False,,
6899940,HENNESSY'S TAVERN,3980 TAMPA RD #104,OLDSMAR,2021-01-12,2,Inspection Completed - No Further Action,True,False,Ice buildup in reach-in freezer and/or walk-in freezer. Observed ice buildup in walk in freezer at time of inspection.,2025-12-22
6900012,DAY BREAK CAFE,1981 NORTH PINELLAS AVE,TARPON SPRINGS,2020-08-18,1,Inspection Completed - No Further Action,False,False,,
6900974,BARAKI,25 DODECANESE BLVD,TARPON SPRINGS,2021-01-11,2,Warning Issued,True,False,,
6901242,CASUAL CLAM,3336 MLK ST N,ST. PETERSBURG,2021-03-16,3,Inspection Completed - No Further Action,True,False,"Ice buildup in reach-in freezer and/or walk-in freezer. Inside white reach-in chest freezers, build up of ice.",2025-09-29
6904085,TACO BUS OF CLEARWATER,505 GULFVIEW BLVD,CLEARWATER,2021-01-04,1,Inspection Completed - No Further Action,False,False,,
6907523,PERRY BBQ ASIAN GRILL,27001 US HWY 19 N SPACE # FC2,CLEARWATER,2020-12-11,2,Inspection Completed - No Further Action,True,False,,
6908343,HAPPI CHINA INC,1314 TAMPA RD,PALM HARBOR,2020-12-16,1,Inspection Completed - No Further Action,False,False,,
6908462,CHICK-FIL-A LARGO FSR,10075 ULMERTON RD,LARGO,2021-01-08,1,Inspection Completed - No Further Action,False,False,,
6909313,JBS SEAFOOD TAKE OUT LLC,1946 49 ST S,ST PETERSBURG,2021-03-18,4,Warning Issued,True,False,,
6913999,DUFF'S BUFFET,26111 US HWY 19 N,CLEARWATER,2021-04-30,2,Inspection Completed - No Further Action,True,False,Accumulation of black/green mold-like substance in the interior of the ice machine/bin. Server ice machine soiled with mold like substance. Operator cleaned ice machine during the inspection. Caddy holding ice buckets.,
6914027,CRAFT KAFE,1 PROGRESS PLAZA SUITE 170,ST PETERSBURG,2020-08-21,1,Inspection Completed - No Further Action,False,False,,
6914159,SERAVALLI JULIE & ANDREW,28 MADONNA BLVD,TIERRA VERDE,2020-08-05,1,Call Back - Admin. complaint recommended,False,False,,
6914649,CORNER GOURMET DELI,2600 MCCORMICK DR,CLEARWATER,2020-08-17,1,Inspection Completed - No Further Action,False,False,,
6921509,FIREHOUSE SUBS,10490 ROOSEVELT BLVD N,ST. PETERSBURG,2020-11-23,1,Inspection Completed - No Further Action,False,False,,
6921525,FIREHOUSE SUBS,4949 4 ST N,ST. PETERSBURG,2020-10-02,1,Warning Issued,False,False,,
6922169,TONY'S PIZZA ,320 MAIN ST,DUNEDIN,2021-01-21,1,Warning Issued,False,False,,
6924192,JERSEY MIKES SUBS,10304 ROOSEVELT BLVD N,ST. PETERSBURG,2020-12-10,2,Inspection Completed - No Further Action,True,False,,
6924237,TONY'S PIZZA,533 CENTRAL AVE,SAINT PETERSBURG,2020-10-22,1,Inspection Completed - No Further Action,False,False,,
6924397,MOONLIGHT BOBA,6251 34  STREET N  STE 102-103,PINELLAS PARK,2021-03-23,1,Inspection Completed - No Further Action,False,False,,
6924927,CHINA GARDEN,1550 N MCMULLEN BOOTH RD F1,CLEARWATER,2021-03-15,2,Inspection Completed - No Further Action,True,False,,
6926562,FORD'S GARAGE,200 1 AVE S,ST. PETERSBURG,2021-06-23,2,Warning Issued,True,False,Accumulation of black/green mold-like substance in the interior of the ice machine/bin. Corners of ice machine interior soiled with pink and black substance. Interior of soda machine ice bin soiled with black mold like substance at top corners. Employee removed ice out of ice bin and cleaned and…,
6927270,DAYDREAMERS CAFE AND GRILL,143 7 AVE N,SAFETY HARBOR,2020-07-29,1,Inspection Completed - No Further Action,False,False,,
6929822,HONG KONG HUANG INC,1077 62 AVE S,ST. PETERSBURG,2021-02-01,3,Warning Issued,True,False,,
6930188,EDDIE'S BAR & GRILL,1283 BAYSHORE BLVD,DUNEDIN,2021-01-20,2,Inspection Completed - No Further Action,True,False,Handwash sink near ice machine area locked by cart.,2025-10-21
6936115,VILLAGE INN RESTAURANT,9107 4 ST N,ST. PETERSBURG,2020-10-27,2,Inspection Completed - No Further Action,True,False,Basic - Ice buildup in walk-in freezer.,
6938862,GRAND HACIENDA,399  11TH AVE. NORTH,ST PETERSBURG,2021-03-23,2,Inspection Completed - No Further Action,True,False,"Salsa at wait station in ice bath not covered, staff returned lid",2025-07-01
6941980,VEGGIE THAI CAFÉ,3690 E BAY DR  UNIT H,LARGO,2021-02-08,1,Inspection Completed - No Further Action,False,False,,
6944195,THE PIZZA JOINT FL,6723 49 ST N,PINELLAS PARK,2021-01-25,3,Administrative complaint recommended,True,False,,
6945123,OEC JAPANESE EXPRESS,2438 66 ST N,ST. PETERSBURG,2021-03-08,2,Inspection Completed - No Further Action,True,False,,
6946154,FLUTE & DRAM,234 BEACH DR,ST. PETERSBURG,2021-05-07,2,Inspection Completed - No Further Action,True,False,,
6946211,THE LIBRARY,600 5TH ST S,ST. PETERSBURG,2021-04-06,2,Inspection Completed - No Further Action,True,False,,
6948160,MID PENINSULA SEAFOOD,400 49TH ST. S,ST. PETERSBURG,2020-11-10,5,Call Back - Complied,True,False,,
6949085,DUNKIN DONUTS,7595 4 ST N,ST PETERSBURG,2020-07-06,1,Inspection Completed - No Further Action,False,False,,
6949106,DUNKIN DONUTS,1046 4TH STREET NORTH,ST PETERSBURG,2020-11-04,1,Warning Issued,False,False,Door to ice machine broken and off hinges.,
6951089,CAFÉ BICH NGA,5572 PARK BLVD,PINELLAS PARK,2021-05-05,1,Administrative complaint recommended,False,False,Coffee/teat cup with spoon inside on prep table near cook line during active cooking/ preparation - From follow-up inspection 2026-06-05: Basic - - From initial inspection : Basic - Ice buildup in reach-in freezer. Bug zapper over top from ice machine right beside back door.,
6955213,HAVANA HARRY'S MARKET,14219 WALSINGHAM RD STE A,LARGO,2020-11-30,2,Inspection Completed - No Further Action,True,False,,
6955339,BIG JIM'S FAMOUS STEAKS TAVERN & TAP,10395 SEMINOLE BLVD,LARGO,2021-04-27,1,Warning Issued,False,False,,
6956405,JIMMY'S FLAVORS,1425 S BETTY LANE,CLEARWATER,2020-12-18,1,Inspection Completed - No Further Action,False,False,,
6957355,NEW CHINA,4785 GULF BLVD,ST.PETE BEACH,2020-11-17,1,Inspection Completed - No Further Action,False,False,,
6964259,KABAB HOUSE,27001 US HWY 19 N  STE FC12,CLEARWATER,2021-01-26,2,Warning Issued,True,False,,
6964712,FALAFEL N CAFE,24139 US 19 N,CLEARWATER,2021-01-21,1,Warning Issued,False,False,,
6967387,PEARLY'S BEACH EATS,903 DOUGLAS AVE,DUNEDIN,2021-02-24,2,Inspection Completed - No Further Action,True,False,,
6967462,DETROIT CONEY ISLAND,32922 US HWY 19,PALM HARBOR,2021-02-02,3,Warning Issued,True,False,,
6967635,HURRICANE EDDIE'S KITCHEN,308 CAUSEWAY BLVD,DUNEDIN,2020-10-07,1,Inspection Completed - No Further Action,False,False,"Accumulation of black/green mold-like substance in the interior of the ice machine/bin. Interior of ice machine has accumulation of black mold like substance. Ice buckets not inverted next to bar, Basic - Covered waste receptacle not provided in women's bathroom.",
6968030,CHICAGO JAQX PIZZERIA GRILL AND TAP,1511 GULF BLVD UNIT 4,INDIAN ROCKS BEACH,2021-05-07,3,Call Back - Complied,True,False,,
6968317,LIBRARY PREP KITCHEN,600 5 ST S,ST. PETERSBURG,2020-10-01,1,Inspection Completed - No Further Action,False,False,,
6971231,VERRAZZANOS PIZZA,1801  SUNSET PT RD,CLEARWATER,2020-10-07,1,Inspection Completed - No Further Action,False,False,,
6973525,JULIS MEXICAN RESTAURANT #2,3675 ST RD 580 W,OLDSMAR,2021-05-07,1,Inspection Completed - No Further Action,False,False,,
6977029,LEVY PREMIUM FOODSERVICE LIMITED PARTNERSHIP,1 TROPICANA DR,ST. PETERSBURG,2021-04-13,1,Inspection Completed - No Further Action,False,False,,
6979127,ICE & CREAM CREAMERY,6807 GULF BLVD  UNIT A,ST.PETE BEACH,2020-07-20,1,Inspection Completed - No Further Action,False,False,,
6984491,POKE ISLAND,7093 66 ST N,PINELLAS PARK,2021-03-03,2,Inspection Completed - No Further Action,True,False,,
6987049,DR. BBQ,1101 1ST AVE SOUTH,ST PETERSBURG,2021-04-21,3,Call Back - Admin. complaint recommended,True,False,,
6990470,BASIL LEAF LLC,6395 GULF BLVD,ST.PETE BEACH,2021-05-18,3,Emergency order recommended,True,False,"Accumulation of black/green mold-like substance in the interior of the ice machine/bin. Interior of ice machine heavily soiled with black, red, and brown mold like substance. Hand wash sink blocked by equipment next to ice machine. Hand wash sink next to the ice machine used to store ice scoop and…",
6992163,INDIAN BISTRO,2779 GULF TO BAY BLVD,CLEARWATER,2020-12-15,3,Inspection Completed - No Further Action,True,False,,
6994309,PERKINS,2626 GULF TO BAY BLVD,CLEARWATER,2020-09-21,1,Warning Issued,False,False,,
6997508,CHEDDAR'S SCRATCH KITCHEN,2655 ROOSEVELT BLVD,CLEARWATER,2021-06-18,5,Inspection Completed - No Further Action,True,False,,
6998375,STONE SOUP CAFE & PUB,4122 16 ST N,ST. PETERSBURG,2020-11-10,2,Inspection Completed - No Further Action,True,False,Items stored in hand wash sink located at ice machine. Hand wash sink located at ice machine used to store pesticide sprays.,
7002002,CHEN'S CHINA KING,10439 ULMERTON RD,LARGO,2021-05-11,3,Call Back - Complied,True,False,,
7007345,CARVOR'S FISH HOUSE,907 DOUGLAS AVE,DUNEDIN,2020-10-07,1,Inspection Completed - No Further Action,False,False,,
7008977,FENWAY HOTEL,453 EDGEWATER DR,DUNEDIN,2021-02-25,2,Inspection Completed - No Further Action,True,False,Accumulation of black/green mold-like substance in the interior of the ice machine/bin. Interior of ice machine soiled of black mold like substance.,2025-12-18
7009070,BURGER MONGER,2454 MCMULLEN BOOTH RD #207,CLEARWATER,2021-01-06,2,Inspection Completed - No Further Action,True,False,,
7009137,BURGER MONGER,1325 4 ST N STE C,ST. PETERSBURG,2021-01-11,1,Inspection Completed - No Further Action,False,False,,
7012781,TOM YUM THAI & SUSHI RESTAURANT,104 PATRICIA AVE,DUNEDIN,2020-10-08,1,Inspection Completed - No Further Action,False,False,,
7015062,AKI SUSHI,"3970 TAMPA RD, SUITE Q",OLDSMAR,2021-06-08,1,Inspection Completed - No Further Action,False,False,,
7015984,TROPHY FISH,2060 CENTRAL AVE,ST. PETERSBURG,2021-04-14,2,Inspection Completed - No Further Action,True,False,Basic - In-use ice scoop for ice machine located outside not stored in a protected manner between uses. Ice scoops store outside next to exterior ice machines,
7020874,PIZZA HUT,5020 E BAY DR  UNIT 400,CLEARWATER,2020-10-23,1,Inspection Completed - No Further Action,False,False,,
7021152,VAN DOUGH,2519 MCMULLEN BOOTH RD  STE 207,CLEARWATER,2020-07-23,1,Warning Issued,False,False,,
7023105,THE RUSTY LYON,923 BROADWAY,DUNEDIN,2021-06-11,3,Warning Issued,True,False,,
7027408,BRITTS PIZZA,10709 GULF BLVD,TREASURE ISLAND,2021-04-29,3,Warning Issued,True,False,-soda machine nozzles have accumulation of dried residues -soda machine ice chute soiled with black and pink mold like substance -interior of soda gun nozzles at bar soiled with accumulation of black slime Operator cleaned and sanitized soda gun nozzles - From follow-up inspection 2025-11-21:,2025-11-21
7031204,MARY MARGARET'S OLDE IRISH TAVERN,29 3 ST N,ST. PETERSBURG,2021-02-12,1,Inspection Completed - No Further Action,False,False,- From initial inspection : Basic - Accumulation of black/green mold-like substance in the interior of the ice machine/bin. Outside ice machine interior soiled with black mold like substance and lime scale build up.,2025-12-04
7032613,HOPSCOTCH CAFE,1006 BROADWAY ST,DUNEDIN,2021-02-03,1,Inspection Completed - No Further Action,False,False,,
7032636,FORTUNATO'S ITALIAN RESTAURANT,6890 GULFPORT BLVD,SOUTH PASADENA,2021-03-22,4,Emergency Order Callback Not Complied,True,False,Accumulation of black/green mold-like substance in the interior of the ice machine/bin. Ice chute on soda machine in dining area is soiled with mold-like substance.,2025-07-15
7034676,BARBACOA MEXICAN GRILL,2657 ULMERTON RD,CLEARWATER,2020-09-04,1,Inspection Completed - No Further Action,False,False,,
7034855,CASITA TAQUERIA #3 INC,2991 66 ST N,ST. PETERSBURG,2021-02-02,2,Inspection Completed - No Further Action,True,False,Basic - Accumulation of mold-like substance in the interior of the ice machine. Basic - Ice buildup on floor in walk-in freezer. -can opener blade soiled -soda machine ice chute has accumulation of black moldlke substance,
7035826,THE JERK CENTER,405 S PINELLAS AVE,TARPON SPRINGS,2021-01-25,2,Inspection Completed - No Further Action,True,False,,
7036008,THE JOINT,7630 34 AVE N,ST. PETERSBURG,2021-01-14,5,Call Back - Admin. complaint recommended,True,False,"The affected area contains their main 3 compartment sink, dish machine, hand wash sink for the cook line, and back door to access ice machine.",2025-11-04
7036585,NINE SPICES HOT POT,6851 66 ST N,PINELLAS PARK,2021-01-05,1,Inspection Completed - No Further Action,False,False,"Food stored in undrained ice. Squid, quail eggs, shrimp, mussels inside reach I cooler storage in undrained ice",2025-10-28
7037188,KING'S PIZZA AND GRILL,325 CORONADO DR,CLEARWATER,2021-04-22,2,Inspection Completed - No Further Action,True,False,,
7037984,PINELLAS GRILL LLC,9711 66 ST N,PINELLAS PARK,2021-02-05,2,Inspection Completed - No Further Action,True,False,,
7043639,SHOGUN JAPANESE INC,34980 US 19 N,PALM HARBOR,2021-04-07,2,Inspection Completed - No Further Action,True,False,,
7043713,SALT PUBLIC HOUSE,1309 GULF BLVD,INDIAN ROCKS BEACH,2021-03-31,5,Call Back - Complied,True,False,,
7047853,TOP SLICE,21 3 ST N,ST. PETERSBURG,2021-03-19,2,Inspection Completed - No Further Action,True,False,- From initial inspection : Basic - Accumulation of black/green mold-like substance in the interior of the ice machine/bin.,
7053195,CHINA WOK MAXIMO INC,5055 34 ST S,ST. PETERSBURG,2021-04-21,2,Warning Issued,True,False,Ice buildup in reach-in freezer and/or walk-in freezer. Ice buildup up in reach-in freezer behind front counter,2025-10-27
7053950,FLIPPERS PIZZERIA #20 LLC,1054 4 ST,ST PETERSBURG,2021-03-08,2,Warning Issued,True,False,Observed food debris inside hand sink next to pizza oven on cook line and ice in the hand sink across from display cooler with bottled sodas.,2025-09-03
7053984,FRESHII,1737 MAIN ST,DUNEDIN,2020-09-02,1,Inspection Completed - No Further Action,False,False,,
7056596,OUTBACK STEAKHOUSE,7885 113TH STREET,SEMINOLE,2021-04-01,1,Inspection Completed - No Further Action,False,False,Accumulation of black/green mold-like substance in the interior of the ice machine/bin.,
7056677,BROS PIZZERIA AND BAR,2535 E BAY DR,LARGO,2020-10-28,1,Warning Issued,False,False,,
7057348,BENEDICT'S,2632 BAYSHORE BLVD,DUNEDIN,2021-01-20,3,Administrative complaint recommended,True,False,Accumulation of black/green mold-like substance in the interior of the ice machine/bin. Observed a mold like substance inside small ice machine in server area at time of inspection Basic - Old labels stuck to food containers after cleaning.,
7060885,GOLDEN DINOSAURS VEGAN DELI,2930 BEACH BLVD S,GULFPORT,2021-01-25,2,Warning Issued,True,False,,
7061049,POMPEY SEAFOOD,1760 DREW ST,CLEARWATER,2021-05-24,1,Inspection Completed - No Further Action,False,False,,
7068032,SHRIMPYS BLUES BISTRO,9524 BLIND PASS RD,ST.PETE BEACH,2020-09-18,1,Administrative complaint recommended,False,False,,
7074047,POWER DESIGN INC,1000 118 AVE N,ST. PETERSBURG,2020-11-03,2,Warning Issued,True,False,,
7078078,BANYAN CAFE AND CATERING,701 CENTRAL AVE,ST. PETERSBURG,2021-04-09,2,Inspection Completed - No Further Action,True,False,,
7078113,PACIFIC COUNTER,660  CENTRAL AVE,SAINT PETERSBURG,2021-01-20,2,Inspection Completed - No Further Action,True,False,Accumulation of black/green mold-like substance in the interior of the ice machine/bin.,2025-10-29
7078349,CAFE FOOD DINING SERVICES,3655 TAMPA RD,OLDSMAR,2021-02-22,2,Warning Issued,True,False,,
7080235,HUNGRY HOWIE'S #239,3073 18 AVE S,ST. PETERSBURG,2021-04-07,2,Inspection Completed - No Further Action,True,False,,
7081234,DICKEY'S BARBECUE PIT ST PETE,2119 TYRONE BLVD N,ST. PETERSBURG,2021-02-25,3,Warning Issued,True,False,,
7083500,THE WOODEN ROOSTER,7839 113 ST N  UNIT E,SEMINOLE,2021-02-12,3,Warning Issued,True,False,,
7084756,TACO BUS,9641 GULF BLVD,TREASURE ISLAND,2021-01-07,3,Call Back - Complied,True,False,,
7086130,FRESCOS WATERFRONT BISTRO,300 2 AVE NE,ST. PETERSBURG,2021-04-01,3,Emergency order recommended,True,False,- From initial inspection : Basic - Accumulation of black/green mold-like substance in the interior of the ice machine/bin. Outside bar ice bin interior soiled with black mold like substance. Outside ice machine interior soiled with black mold like substance.,2025-11-13
7089467,GREEN MINT ASIAN GRILL,25821 US HWY 19 N,CLEARWATER,2020-12-01,2,Inspection Completed - No Further Action,True,False,Ice scoop handle in contact with ice.,2026-03-27
7091036,LU CHUN SHENG,7610 49 ST N,PINELLAS PARK,2021-02-24,2,Inspection Completed - No Further Action,True,False,raw chicken breast (54F - Cold Holding); raw pork (55F - Cold Holding); raw fake crab meat (53F - Cold Holding); raw beef (55F - Cold Holding); Establishment had ice under pan and on top of food.,
7091721,MR SUSHI,1310 34 ST N,ST. PETERSBURG,2021-06-08,2,Warning Issued,True,False,,
7092040,"DEWEY HOSPITALITY GROUP, LLC",109 8 AVE,ST PETE BEACH,2021-04-15,3,Warning Issued,True,False,,
7095329,3 DAUGHTERS BREWING,222 22 ST S,ST. PETERSBURG,2021-03-08,1,Warning Issued,False,False,,
7095341,CALIDOLI,7580 49 ST N,PINELLAS PARK,2021-01-27,2,Warning Issued,True,False,,
7095430,THE VINOY RENAISSANCE ST PETERSBURG RESORT & GC SUNSET BALLROOM,600 NE SNELL ISLE BLVD,ST. PETERSBURG,2021-02-19,2,Inspection Completed - No Further Action,True,False,,
7095532,THE VINOY RENAISSANCE ST PETERSBURG RESORT & GC PAUL'S LANDING,501 FIFTH AVE NE,ST. PETERSBURG,2021-04-08,2,Inspection Completed - No Further Action,True,False,Accumulation of black/green mold-like substance in the interior of the ice machine/bin.,
7095621,THE VINOY RENAISSANCE ST PETERSBURG RESORT & GC CLUBHOUSE,600 NE SNELL ISLE BLVD,ST. PETERSBURG,2021-02-19,3,Inspection Completed - No Further Action,True,False,,
7095679,THE VINOY RENAISSANCE ST PETERSBURG RESORT & GC MARCHAND'S GRILL,501 FIFTH AVE NE,ST. PETERSBURG,2021-04-08,1,Inspection Completed - No Further Action,False,False,Accumulation of black/green mold-like substance in the interior of the ice machine/bin. Ice machine interiors soiled with black and pink substance.,
7095698,THE VINOY RENAISSANCE ST PETERSBURG RESORT & GC PALM CRT BALLRM,501 FIFTH AVE NE,ST. PETERSBURG,2021-04-08,1,Inspection Completed - No Further Action,False,False,,
7097011,4TH STREET PIZZA INC,3187 4 ST N,ST. PETERSBURG,2021-01-13,4,Warning Issued,True,False,,
7098294,HAMBURGER MARY'S,28910 US HWY 19 N,CLEARWATER,2021-03-19,2,Inspection Completed - No Further Action,True,False,,
7101314,BRASS BOWL KITCHEN & JUICERY,656 CENTRAL AVE,ST. PETERSBURG,2020-12-07,2,Warning Issued,True,False,,
7101521,THE GREEN TABLE,3390 TAMPA RD,PALM HARBOR,2020-12-02,2,Inspection Completed - No Further Action,True,False,,
7101953,POKE FUN,2727 ULMERTON RD  STE 110,CLEARWATER,2020-11-10,2,Inspection Completed - No Further Action,True,False,,
7104442,SAVANH OF LAOS,5667 SEMINOLE BLVD,SEMINOLE,2021-03-09,1,Inspection Completed - No Further Action,False,False,,
7105588,FRESHII 1230,7839 113 ST N  UNIT C,SEMINOLE,2020-08-20,1,Inspection Completed - No Further Action,False,False,,
7105958,THAI BASIL,4445 E BAY DR,CLEARWATER,2020-11-18,2,Inspection Completed - No Further Action,True,False,,
7107405,ITALIA MIA RESTAURANT,1165 62ND AVE N,ST. PETERSBURG,2021-02-16,4,Administrative complaint recommended,True,False,,
7113604,BIG JOE'S PASTA HOUSE,509 ALT 19,PALM HARBOR,2020-12-15,2,Inspection Completed - No Further Action,True,False,,
7116272,SEKUSHI SUSHI DUMPLING AND NOODLE BAR,524 MANDALAY AVE,CLEARWATER,2021-04-30,2,Inspection Completed - No Further Action,True,False,,
7119826,LA PASADITA AUTHENTIC MEXICAN RESTAURANT LLC,1385 BELCHER RD,LARGO,2020-10-30,1,Warning Issued,False,False,,
7120038,LA MORDIDA,14100 US HWY 19 STE 114,CLEARWATER,2021-03-23,2,Warning Issued,True,False,,
7124551,MANGROVES CAFE,13577 FEATHER SOUND DR STE 180,CLEARWATER,2020-10-19,1,Warning Issued,False,False,,
7127688,SIDE DOOR DELI,5999 CENTRAL AVE ,SAINT PETERSBURG,2020-11-19,1,Inspection Completed - No Further Action,False,False,-cutting boards on cook line are grooved Basic - Ice buildup in reach-in freezer and/or walk-in freezer.,
7127955,CRAFTED PLATE,12600 ROOSEVELT BLVD N,ST. PETERSBURG,2021-03-08,6,Call Back - Admin. complaint recommended,True,False,,
7128013,MARRIOTT ST PETERSBURG CLEARWATER,12600 ROOSEVELT BLVD N,ST. PETERSBURG,2021-03-04,3,Administrative complaint recommended,True,False,,
7132428,BRYAN DONUTS LLC,8150 BRYAN DAIRY RD,PINELLAS PARK,2020-10-06,1,Inspection Completed - No Further Action,False,False,,
7141439,COUSINS MAINE LOBSTER,309 CORONADO DR  UNIT B,CLEARWATER BEACH,2020-08-28,1,Warning Issued,False,False,,
7143957,SEMINOLE SUBS & GYROS,2298 MAIN ST,CLEARWATER,2021-03-02,1,Inspection Completed - No Further Action,False,False,,
7149643,WILLIE JEWELL'S OLD SCHOOL BAR-B-Q,9040 ULMERTON RD  STE 100,LARGO,2021-01-12,2,Inspection Completed - No Further Action,True,False,,
7151361,NABULSI CONSULTING LLC,240 BEACH DR NE,ST. PETERSBURG,2021-02-01,1,Warning Issued,False,False,Accumulation of black/green mold-like substance in the interior of the ice machine/bin.,
7154319,LANNA THAI AND SUSHI,4871 PARK ST NO,ST. PETERSBURG,2020-08-31,1,Inspection Completed - No Further Action,False,False,- From follow-up inspection 2026-01-05: - From follow-up inspection 2026-01-09: Basic - - From initial inspection : Basic - Ice buildup in walk-in freezer.,
7154571,NATURE'S TABLE,10200 9 ST N,ST. PETERSBURG,2021-06-11,2,Inspection Completed - No Further Action,True,False,,
7162704,OH GREEK,2263 TYRONE SQUARE,ST. PETERSBURG,2021-02-22,2,Inspection Completed - No Further Action,True,False,,
7172689,PACIFIC THAI CUISINE,4058 TAMPA RD STE 5,OLDSMAR,2021-02-22,2,Warning Issued,True,False,,
7177806,COOLSIDE GELATO BAR,1124 11 ST,PALM HARBOR,2020-09-23,1,Inspection Completed - No Further Action,False,False,,
7178100,GEMINI FOOD & SPIRITS LLC,2706 US 19 ALT,PALM HARBOR,2020-10-13,1,Inspection Completed - No Further Action,False,False,Ice bucket not inverted.,
7178187,CHINA WOK,36115 E LAKE RD,PALM HARBOR,2021-03-26,2,Inspection Completed - No Further Action,True,False,,
7179412,TANG'S CHICKEN,2001 GULF TO BAY BLVD #C,CLEARWATER,2021-01-26,2,Inspection Completed - No Further Action,True,False,Accumulation of black mold-like substance in the interior of the ice machine/bin.,2025-12-22
7181520,KAIA BOWLS,"483 MANDALAY AVENUE, UNIT 107",CLEARWATER BEACH,2020-07-13,1,Inspection Completed - No Further Action,False,False,,
7185235,CASA ITALIA RESTAURANT,2699 GULF BLVD,INDIAN ROCKS BEACH,2021-05-05,2,Inspection Completed - No Further Action,True,False,,
7185632,GRAND PLAZA HOTEL CRYSTAL BALLROOM BANQUET FACILITY,5250 GULF BLVD,ST.PETE BEACH,2021-03-23,2,Warning Issued,True,False,,
7185647,GRAND PLAZA HOTEL PALM ROOM,5250 GULF BLVD,ST.PETE BEACH,2020-11-20,1,Inspection Completed - No Further Action,False,False,,
7185671,BEACHCOMBER BEACH RESORT HOTEL,6200 GULF BLVD,ST.PETE BEACH,2021-04-30,2,Inspection Completed - No Further Action,True,False,,
7185680,BEACHCOMBER BEACH RESORT HOTEL JIMMY B'S,6200 GULF BLVD,ST.PETE BEACH,2020-08-21,1,Inspection Completed - No Further Action,False,False,,
7186502,THAI AM RESTAURANT,6040 N 4 ST,ST. PETERSBURG,2021-02-18,1,Inspection Completed - No Further Action,False,False,,
7189359,GERSHYS CAFE AND PASTRY,4500 140 AVE N,CLEARWATER,2021-02-01,1,Inspection Completed - No Further Action,False,False,,
7190648,CYPRESS RUN GOLF CLUB,2669 ST ANDREWS BLVD,TARPON SPRINGS,2021-01-20,1,Warning Issued,False,False,,
7190735,SALTY J'S,5625 4 ST N,SAINT PETERSBURG,2021-02-26,3,Inspection Completed - No Further Action,True,False,,
7191498,THE WHEELHOUSE,7220 CENTRAL AVE,ST. PETERSBURG,2020-11-23,3,Warning Issued,True,False,-cooler door gaskets soiled on reach in coolers on cook line - From follow-up inspection 2026-03-10: Basic - - From initial inspection : Basic - Carbon dioxide near ice machine tanks not adequately secured. - From follow-up inspection 2026-03-10: Basic - - From initial inspection : Basic - Ice…,
7192018,RENZO'S,104 2 ST S,ST. PETERSBURG,2020-12-23,1,Inspection Completed - No Further Action,False,False,Accumulation of black/green mold-like substance in the interior of the ice machine/bin.,
7192737,SAIGON BOWL,2129 DREW ST,CLEARWATER,2021-05-19,1,Warning Issued,False,False,Cook added ice to water recheck 39 F .,2026-01-14
7193696,THE KITCHEN AT MASTRY'S BREWING CO,7701 BLIND PASS RD,ST.PETE BEACH,2021-04-30,1,Warning Issued,False,False,"Basic - Ice buildup in reach-in freezer and/or walk-in freezer. Excessive ice build up in reach-in freezer Basic - Nonfood-contact surface soiled with grease, food debris, dirt, slime or dust.",
7194540,HALONG BAY,2192 MAIN ST STE A,DUNEDIN,2020-12-07,2,Inspection Completed - No Further Action,True,False,Accumulation of black/green mold-like substance in the interior of the ice machine/bin. Interior of ice machine has accumulation of mold like substance. Operator cleaned ice machine during visit. Employee used cigarettes stored on top of ice machine in kitchen.,
7197948,SEA HAGS,4945 GULF BLVD,ST.PETE BEACH,2021-04-21,3,Warning Issued,True,False,,
7198162,EVE'S FAMILY RESTAURANT,3150 TAMPA RD UNIT 9,OLDSMAR,2021-02-22,2,Inspection Completed - No Further Action,True,False,Accumulation of black/green mold-like substance in the interior of the ice machine/bin. Observed in roof of ice machine at bar entrance.,2025-10-16
7198545,K PICU INTERNATIONAL FUSION CUISINE,1443  S BELCHER RD,CLEARWATER,2020-07-28,1,Inspection Completed - No Further Action,False,False,,
7202238,ROCKY MOUNTAIN SUBS,35220 US HWY 19 N,PALM HARBOR,2020-12-09,1,Inspection Completed - No Further Action,False,False,,
7203942,WINGSTOP ST PETERSBURG FL,1411 34 STREET NORTH,ST. PETERSBURG,2021-01-13,1,Warning Issued,False,False,,
7204652,ROE'S DELI STATION,5851 PARK BLVD,PINELLAS PARK,2021-01-20,2,Inspection Completed - No Further Action,True,False,,
7205693,CLEAN JUICE,1804 4 ST N,ST PETERSBURG,2021-02-25,2,Warning Issued,True,False,,
7210512,DA POLLANI'S,13688 WALSINGHAM RD,LARGO,2020-11-30,1,Inspection Completed - No Further Action,False,False,,
7211290,THE DECK BAR & GRILLE,"5901 SUN BLVD, #100",ST. PETERSBURG,2021-06-02,3,Warning Issued,True,False,Accumulation of black/green mold-like substance in the interior of the ice machine/bin. Interior of ice machines at front bar with mold like substance.,2026-04-01
7212013,UMAMI ENDLESS SUSHI & BAR LLC,3942 TYRONE BLVD N STE D,ST. PETERSBURG,2021-04-05,3,Call Back - Complied,True,False,Ice buildup in reach-in freezer and/or walk-in freezer.,2025-11-17
7217244,INDIE ST PETE LLC,1049 CENTRAL AVE,ST. PETERSBURG,2020-08-31,2,Call Back - Complied,True,False,,
7217939,GERMAN KNODLE,951 CENTRAL AVE,ST. PETERSBURG,2021-04-15,1,Inspection Completed - No Further Action,False,False,,
7217966,AROMA INDIAN CUISINE,351 WEST BAY DR,LARGO,2021-03-03,2,Warning Issued,True,False,,
7218756,PELICAN CLUB BISTRO KITCHEN,1501 INDIAN ROCKS RD,BELLEAIR,2021-02-23,2,Inspection Completed - No Further Action,True,False,Interior of ice machine has build up of pink substance on white plastic.,
7218877,PERRYS BBQ CAJUN GRILL,6901 22 AVE N SPACE #VC02,ST. PETERSBURG,2021-02-15,2,Inspection Completed - No Further Action,True,False,,
7219253,JOLLIBEE,4057 PARK BLVD,PINELLAS PARK,2020-07-06,1,Inspection Completed - No Further Action,False,False,,
7219731,ALTO MARE FISH BAR,"300 BEACH DRIVE NE, #124",ST PETERSBURTG,2021-04-07,1,Administrative complaint recommended,False,False,,
7219841,CHULAS MEXICAN GRILL,34726 US 19 N,PALM HARBOR,2020-09-15,1,Inspection Completed - No Further Action,False,False,,
7220863,CARACARA,730 BROADWAY ST #4,DUNEDIN,2021-01-26,2,Inspection Completed - No Further Action,True,False,,
7222406,CARUSO RISTORANTE,124 107 AVE,TREASURE ISLAND,2021-04-19,3,Inspection Completed - No Further Action,True,False,,
7225329,NEW CHINA CHINESE RESTAURANT,5448 58 ST N,KENNETH CITY,2021-04-02,1,Inspection Completed - No Further Action,False,False,,
7227522,UMAI CAFE,601 S FORT HARRISON AVE,CLEARWATER,2020-08-12,1,Inspection Completed - No Further Action,False,False,Basic - Ice buildup in walk-in freezer on plastic curtain of entry and around frame.,
7227792,JOY ROCKWELL ENTERPRISES INC,2145 SUNNYDALE BLVD  BLDG 102,CLEARWATER,2021-01-15,2,Inspection Completed - No Further Action,True,False,Accumulation of black/ mold-like substance in the interior of the ice machine Basic - Employee personal food not properly identified and segregated from food to be served to the public in tall cooler in kitchen High Priority - Raw animal food ( raw pooled eggs ) stored over/not properly separated…,
7227793,KITCHFIX,107 DUNBAR AVE  UNIT G,OLDSMAR,2020-11-06,1,Inspection Completed - No Further Action,False,False,,
7231001,OLD CAPE COD KITCHEN,1479 S BELCHER RD STE Z,LARGO,2021-02-24,1,Inspection Completed - No Further Action,False,False,,
7231545,TGI FRIDAYS,2190 TYRONE BLVD N,ST. PETERSBURG,2020-10-29,2,Emergency order recommended,True,False,,
7235911,WINGSTOP,2090 GULF TO BAY BLVD,CLEARWATER,2021-01-29,3,Warning Issued,True,False,- soiled ice chute at self service soda dispenser,
7237362,JASON'S DELI,25801 US 19 N #1110,CLEARWATER,2021-01-22,1,Inspection Completed - No Further Action,False,False,,
7238229,SENOR SUBS & GYROS,1364 CLEVELAND ST,CLEARWATER,2021-01-04,2,Inspection Completed - No Further Action,True,False,Manager labeled milk Intermediate - Food-contact surface ( ice chute ) soiled with food debris or mold-like substance at customer beverage station .,
7242365,OYSTER SHUCKER INC,650 COREY AVE,ST.PETE BEACH,2021-04-20,3,Warning Issued,True,False,- From initial inspection : Basic - Accumulation of black/green mold-like substance in the interior of the ice machine/bin. Interior of ice machine soiled with black and red mold like substance.,
7243839,CHICK-FIL-A TYRONE BOULEVARD,2471 TYRONE BLVD N,ST. PETERSBURG,2020-08-18,2,"Call Back - Extension given, pending",True,False,,
7245036,PHO BOWL EXPRESS,600 ALT 19 N,PALM HARBOR,2020-12-23,2,Inspection Completed - No Further Action,True,False,,
7248055,THAI-AM RESTAURANT INC,13037 GULF BLVD,MADEIRA BEACH,2021-05-17,3,Warning Issued,True,False,,
7249184,DAIRY RICH CREAMERY,3109 PALM HARBOR BLVD,PALM HARBOR,2021-02-17,1,Inspection Completed - No Further Action,False,False,,
7254781,VINNY'S PIZZERIA & RESTAURANT,2169 N HERCULES AVE,CLEARWATER,2021-03-22,2,Inspection Completed - No Further Action,True,False,,
7256316,RODIE'S,2475 N MCMULLEN BOOTH RD STE F,CLEARWATER,2021-01-06,2,Inspection Completed - No Further Action,True,False,,
7256406,SUSHI ROCK GRILL,5901 SUN BLVD STE #121,ST. PETERSBURG,2021-05-27,1,Warning Issued,False,False,"Inside reach-in deli cooler, dry wiping cloth used as a food contact surface - From follow-up inspection 2026-04-14: - From follow-up inspection 2026-06-02: Basic - - From initial inspection : Basic - Food stored in undrained ice.",
7257588,CADDY'S GULFPORT,3128 BEACH BLVD S,GULFPORT,2021-03-30,3,Administrative complaint recommended,True,False,,
7259564,WINGSTOP,1925 W BRANDON BLVD,BRANDON,2021-03-09,2,Call Back - Complied,True,False,,
7260032,GYRO CITY&SEAFOOD,4319 66 ST N,KENNETH CITY,2021-04-06,3,Warning Issued,True,False,,
7262631,YOUR MOTHERS BACKYARD SANDWICHES,10555 66 ST N,PINELLAS PARK,2020-07-17,1,Inspection Completed - No Further Action,False,False,,
7267709,KC SUNSHINE GRILL,91 171 AVE E,NORTH REDINGTON BEAC,2021-06-09,2,Inspection Completed - No Further Action,True,False,,
7267841,SHLOMO SUBS LLC,2706 ALTERNATE 19 STE 108,PALM HARBOR,2021-04-22,3,Warning Issued,True,False,Accumulation of black/green mold-like substance in the interior of the ice machine/bin. Interior of ice machine has mold like substance. Operator cleaned ice machine during inspection.,2026-04-06
7269981,MEGA BURRITO,1474 GULF TO BAY BLVD A,CLEARWATER,2021-02-24,3,Warning Issued,True,False,"Basic - Ice scoop handle in contact with ice inside ice bin in the bar area .Manager relocated ice scoop Basic - No handwashing sign provided at a hand sink used by food employees in bar area Basic - Stored food ( cooked chicken , cooked potatoes ) not covered in walk in cooler High Priority - Stop…",
7273597,JACK OF SPADES BAR & LOUNGE,6778 46TH AVENUE NORTH,ST. PETERSBURG,2021-04-29,1,Inspection Completed - No Further Action,False,False,,
7273911,CHICAGO DELI & CONEY DOGS,6585 126 AVE N,LARGO,2021-02-17,2,Inspection Completed - No Further Action,True,False,,
7276685,GRILL FRESH,2485 NEBRASKA AVE,PALM HARBOR,2020-08-26,1,Inspection Completed - No Further Action,False,False,,
7276744,TACO BUS,9641 GULF BLVD,TREASURE ISLAND,2021-01-22,1,Inspection Completed - No Further Action,False,False,,
7278909,DATZ SAINT PETERSBURG,180 CENTRAL AVE,ST. PETERSBURG,2021-03-26,2,Inspection Completed - No Further Action,True,False,,
7281123,NEW CHINA CROSSINGS,10476 N ROOSEVELT BLVD,ST. PETERSBURG,2020-11-09,1,Inspection Completed - No Further Action,False,False,,
7282290,BAYCARE BISTRO,2985 DREW ST,CLEARWATER,2020-10-20,1,Inspection Completed - No Further Action,False,False,,
7286780,POKE ISLAND PLUS,4058 TAMPA ROAD STE 4,OLDSMAR,2021-02-04,1,Inspection Completed - No Further Action,False,False,,
7293620,SHAWARMA FUSION,29164 US HIGHWAY 19 N,CLEARWATER,2020-12-04,1,Warning Issued,False,False,,
7295253,MID ATLANTIC CAFE,11600 9 ST N,ST. PETERSBURG,2021-04-08,1,Inspection Completed - No Further Action,False,False,,
7297645,COWBOY CORRAL,6250 ULMERTON RD,CLEARWATER,2021-03-08,2,Inspection Completed - No Further Action,True,False,,
7299053,THE NONA SLICE HOUSE,997 MAIN ST,SAFETY HARBOR,2020-11-23,1,Inspection Completed - No Further Action,False,False,Accumulation of black mold-like substance in the interior of the ice bin at beverage station . Employee in the process of removing ice and cleaning the inside of the ice bin Basic - Cutting board has cut marks and is no longer cleanable near cutting board .,
7299223,BIG APPLE BUFFET ,1030 58 ST N,ST. PETERSBURG,2021-03-16,2,Inspection Completed - No Further Action,True,False,,
7300247,HAPPY CACTUS MEXICAN COCINA LLC,2676 BAYSHORE BLVD STE H,DUNEDIN,2020-12-22,1,Inspection Completed - No Further Action,False,False,"Employee on cook line with no hair restraint Basic - Ice scoop handle in contact with ice. Scoop handle in ice machine Basic - In-use ice scoop stored on soiled surface between uses. Ice scoop on cardboard beer boxes Basic - Nonfood-contact surface soiled with grease, food debris, dirt, slime or…",
7300944,FUSION STREET EATERY LLC,422 PATRICIA AVE,DUNEDIN,2020-10-06,1,Inspection Completed - No Further Action,False,False,Accumulation of black/green mold-like substance in the interior of the ice machine/bin. Ice machine interior soiled with black mold like substance.,2025-12-16
7300986,SANDSHAKERS,700 ELDRIDGE ST,CLEARWATER,2021-05-26,1,Inspection Completed - No Further Action,False,False,,
7300999,CHINA TASTE FL INC,876 E TARPON AVE,TARPON SPRINGS,2021-02-04,2,Inspection Completed - No Further Action,True,False,,
7302290,PHO BUNGA,4952 RIDGEMOOR BLVD,PALM HARBOR,2021-02-02,2,Warning Issued,True,False,,
7302334,SOPHIAS CUCINA & ENOTECA LLC,2363 CENTRAL AVE,ST. PETERSBURG,2021-01-08,1,Warning Issued,False,False,,
7302527,NITALLY'S THAIMEX CUISINE,1163 DR MLK JR STREET,ST. PETERSBURG,2021-03-03,2,Inspection Completed - No Further Action,True,False,Accumulation of black/green mold-like substance in the interior of the ice machine/bin. Basic - Ice buildup in reach-in freezer and/or walk-in freezer.,
7303077,DRIFTWOOD CAFE,840 2 AVENUE NE,ST. PETERSBURG,2021-02-24,2,Inspection Completed - No Further Action,True,False,,
7303269,HAMPTON INN BY HILTON DUNEDIN,2641 MICHAEL PLACE,DUNEDIN,2020-10-01,1,Warning Issued,False,False,,
7308757,SUNRISE RESTAURANT,7500 ULMERTON RD STE 18 & 19,LARGO,2021-01-08,1,Inspection Completed - No Further Action,False,False,,
7308813,DOWNTOWN PIZZA SPORTS BAR AND GRILL,428 CLEVELAND ST,CLEARWATER,2020-08-11,1,Inspection Completed - No Further Action,False,False,,
7309547,TOOTSIES SUGAR SHOP,10651 GULF BLVD,TREASURE ISLAND,2020-10-06,1,Inspection Completed - No Further Action,False,False,,
7309708,BRADYS BBQ,340 MAIN ST,SAFETY HARBOR,2021-03-18,5,Call Back - Complied,True,False,,
7309992,BABA ON CENTRAL,2701 CENTRAL AVE,ST. PETERSBURG,2021-06-23,3,Warning Issued,True,False,No paper towels at handwashing sink next to cook line and ice machine.,2025-11-07
7312678,THE BLVD PUB AND GRUB LLC,9919 SEMINOLE BLVD,SEMINOLE,2021-01-20,2,Inspection Completed - No Further Action,True,False,,
7314573,BENEDICTS,7048 PARK BLVD N,PINELLAS PARK,2021-02-04,2,Inspection Completed - No Further Action,True,False,,
7314721,NEW BAMBOO,2612 BAYSHORE BLVD,DUNEDIN,2020-11-09,1,Inspection Completed - No Further Action,False,False,,
7316372,SAKURA SUSHI RESTAURANT,3438 E LAKE RD STE 16,PALM HARBOR,2021-02-01,2,Inspection Completed - No Further Action,True,False,,
7320706,THE TAVERN AT BAYBORO,120 6 AVE S,ST. PETERSBURG,2021-01-12,1,Inspection Completed - No Further Action,False,False,,
7321099,DERUSSO'S PIZZERIA,1120 PINELLAS BAYWAY S UNIT 102-103,TIERRA VERDE,2021-05-25,2,Inspection Completed - No Further Action,True,False,,
7322975,GRUMPY GRINGO,2510 22 AVE N,ST. PETERSBURG,2021-02-03,1,Inspection Completed - No Further Action,False,False,,
7323425,COOL VIBES SPORTS BAR INC,5488 58 ST N,KENNETH CITY,2020-09-29,2,Warning Issued,True,False,,
7323444,PARADISE GRILLE,900 GULF WAY,ST.PETE BEACH,2021-04-14,3,Warning Issued,True,False,,
7323448,PARADISE GRILLE,6850 BEACH PLAZA DR,ST.PETE BEACH,2021-01-06,2,Administrative complaint recommended,True,False,"Pooled eggs 48f, egg wash 46f, ice added to container.",
7323811,LIL NET'¿S,1500 16 ST S,ST. PETERSBURG,2020-09-30,1,Inspection Completed - No Further Action,False,False,,
7330096,FISH BOWL,2882 US ALT 19 N,PALM HARBOR,2020-12-21,2,Inspection Completed - No Further Action,True,False,Accumulation of black/green mold-like substance in the interior of the ice machine/bin. Interior of ice chute has accumulation of mold like substance.,
7333091,TEQUILA MEXICAN GRILL & CANTINA ,422 CLEVELAND  STREET,CLEARWATER,2020-12-10,2,Inspection Completed - No Further Action,True,False,Accumulation of black mold-like substance in the interior of the ice bin in the corner area of ice bin.,
7335443,THE BIG CATCH AT SALT CREEK,1500 2 ST S,ST. PETERSBURG,2021-04-08,4,"Call Back - Extension given, pending",True,False,Accumulation of black/green mold-like substance in the interior of the ice machine/bin. Interior of both ice machine soiled with black substance.,
7340677,GLORY DAYS GRILL,4088 PARK ST NORTH,ST. PETERSBURG,2021-02-17,5,Warning Issued,True,False,"-Walk in freezer door cannot close, causing ice buildup further inhibiting it from closing. - From follow-up inspection 2025-12-31: Basic - - From initial inspection : Basic - Ice buildup in walk-in freezer not allowing freezer door to shut - From follow-up inspection 2025-12-31: Basic - - From…",
7340763,POKE & RAMEN TOWN,35236 US HWY 19 N,PALM HARBOR,2021-01-28,2,Inspection Completed - No Further Action,True,False,,
7341272,SONDER SOCIAL CLUB,966 DOUGLAS AVE  UNIT 101,DUNEDIN,2020-11-18,1,Warning Issued,False,False,Hand wash sink in bar used for storage of ice scoops.,
7342998,FEIL TAMPA,570 CARILLION PKWY,ST. PETERSBURG,2021-03-03,2,Inspection Completed - No Further Action,True,False,,
7344903,BRIGHT ICE LLC,3701 5 AVE N,ST. PETERSBURG,2021-05-10,1,Inspection Completed - No Further Action,False,False,,
7346392,THE FIT POKE STOP,10763  PARK BLVD NORTH,SEMINOLE,2021-03-02,2,Inspection Completed - No Further Action,True,False,Ice buildup in reach-in freezer and/or walk-in freezer.,2025-07-31
7347887,CRABBY BILLS FISH CAMP,10316 ROOSEVELT BLVD N,ST. PETERSBURG,2020-08-26,1,Warning Issued,False,False,,
7349131,PHILLY JOE'S STEAKS AND HOAGIES,405 S MISSOURI AVE,CLEARWATER,2021-01-26,1,Inspection Completed - No Further Action,False,False,,
7352501,DUNKIN DONUTS,6325 9 STREET N,ST. PETERSBURG,2020-10-26,2,Warning Issued,True,False,,
7353587,EMILY'S FAMILY RESTAURANT,2609  N ALT HWY 19,PALM HARBOR,2020-11-17,2,Inspection Completed - No Further Action,True,False,,
7353815,BEN THANH RESTAURANT,4200 62 AVE N STE C,PINELLAS PARK,2021-03-23,2,Inspection Completed - No Further Action,True,False,Food stored in undrained ice.,2026-03-05
7355886,KOBE ST PETE LLC,2773 66 STREET NORTH,ST. PETERSBURG,2021-03-01,2,Inspection Completed - No Further Action,True,False,"Employee beverages on prep table on cook line Basic - Ice buildup in reach-in freezer and/or walk-in freezer. Ice buildup up on packaged fish in walk in freezer High Priority - Employee handled soiled equipment or utensils and then engaged in food preparation, handled clean equipment or utensils,…",
7358798,ALOHA TO GO HALE,5903  SEMINOLE BLVD,SEMINOLE,2021-01-20,2,Inspection Completed - No Further Action,True,False,- From initial inspection : Basic - Accumulation of black/green mold-like substance in the interior of the ice machine/bin. Bag of rice on floor in dry storage - From follow-up inspection 2026-03-24: Boxes of food on floor in walk in freezer Basic - - From initial inspection : Basic - Ice buildup…,
7362904,HACIENDA CORRALEJO LLC,1230 CLEVELAND ST,CLEARWATER,2021-05-12,9,Emergency Order Callback Not Complied,True,False,,
7362930,ICE & CREAM CREAMERY,10825  GULF BOULEVARD,TREASURE ISLAND,2020-08-14,1,Warning Issued,False,False,Ice buildup in reach-in freezer and/or walk-in freezer. Reach in freezer in rear prep rom has build up of ice.,2025-08-13
7363029,JOELLA'S HOT CHICKEN,7893 113 STREET,SEMINOLE,2021-04-21,2,Call Back - Complied,True,False,,
7363097,JOELLA'S HOT CHICKEN,10150  ULMERTON RD,LARGO,2020-09-01,1,Inspection Completed - No Further Action,False,False,,
7363809,GEORGIE BOY RESTAURANT,1101 S MISSOURI AVE,CLEARWATER,2020-09-01,1,Inspection Completed - No Further Action,False,False,,
7365228,GULFPORT BREWERY,3007 BEACH BLVD S,GULFPORT,2021-03-31,3,Inspection Completed - No Further Action,True,False,- From initial inspection : Basic - Accumulation of black/pink mold-like substance in the interior of the ice machine behind bar.,2025-10-27
7367612,TEA LOUNGE,14100 US HWY 19 N UNIT 107,CLEARWATER,2020-07-24,2,Emergency Order Callback Time Extension,True,False,,
7369644,DON'S TACO AUTHENTIC MEXICAN RESTAURANT,672 E TARPON AVE,TARPON SPRINGS,2020-11-02,2,"Call Back - Extension given, pending",True,False,,
7370726,SEA CRITTERS CAFE,2007 PASS-A-GRILLE WAY,ST. PETE BEACH,2021-04-14,2,Inspection Completed - No Further Action,True,False,,
7371204,POPPO'S TAQUERIA,1033 CENTRAL AVE,ST. PETERSBURG,2021-01-26,2,Warning Issued,True,False,,
7371600,SOCIAL ROOST,"150 1 AVE N, ONE TOWER",ST. PETERSBURG,2021-06-02,2,Administrative complaint recommended,True,False,,
7372403,WHISKEY WINGS,10400 ROOSEVELT BLVD,ST. PETERSBURG,2021-03-01,5,Emergency order recommended,True,False,Walk in freezer stored bucket of ice cream on self of reach in cooler not covered.,2026-03-26
7376337,MIO'S GRILL AND CAFE,119 2 ST N,ST. PETERSBURG,2021-03-08,2,Warning Issued,True,False,Accumulation of black/green mold-like substance in the interior of the ice machine/bin. Basic - Ice buildup in reach-in freezer and/or walk-in freezer.,
7381232,COCO CORONADO,317 CORONADO DR,CLEARWATER BEACH,2020-09-28,2,Warning Issued,True,False,Ice machines missing outer doors specified by approved plan review.,2025-11-24
7383587,PHILA DELI,1120 PINELLAS BAYWAY S STE 106,TIERRA VERDE,2021-02-26,4,Call Back - Complied,True,False,,
7386755,CLEAN JUICE,2516 N MCMULLEN BOOTH RD STE A,CLEARWATER,2021-02-03,1,Inspection Completed - No Further Action,False,False,,
7391990,STIRLING TROPICAL WINE,461 MAIN ST,DUNEDIN,2020-12-10,1,Inspection Completed - No Further Action,False,False,,
7392579,YO! WHATS YOUR SCOOP?,6801 GULFPORT BLVD S,SOUTH PASADENA,2020-08-11,1,Warning Issued,False,False,,
7393131,KUNG FU TEA,7688 N 49TH STREET,PINELLAS PARK,2021-03-23,3,Call Back - Admin. complaint recommended,True,False,,
7393357,BEACHWOOD SEAFOOD KITCHEN & BAR,4022 TAMPA RD,OLDSMAR,2021-06-03,3,Warning Issued,True,False,,
7393859,STELLA'S,2914 BEACH BLVD S,GULFPORT,2020-07-08,1,Inspection Completed - No Further Action,False,False,- From initial inspection : Basic - Accumulation of dust/debris in the interior of the ice machine/bin. - From follow-up inspection 2025-09-02: Accumulation of dust/debris in the interior of the ice machine/bin.,2025-09-02
7395974,Q SOUTHERN BBQ & CATERING,664 MAIN ST,DUNEDIN,2021-02-22,2,Inspection Completed - No Further Action,True,False,,
7398917,POKE 88,30617 US 19 N,PALM HARBOR,2021-02-01,1,Inspection Completed - No Further Action,False,False,,
7400018,JERSEY MIKES SUBS 13081,3832 TYRONE BLVD N,ST. PETERSBURG,2020-09-17,2,Call Back - Admin. complaint recommended,True,False,,
7400027,JERSEY MIKES SUBS 13133,11167 PARK BLVD STE F,SEMINOLE,2020-11-09,1,Inspection Completed - No Further Action,False,False,,
7400028,JERSEY MIKE'S SUBS 13146,41042 US HWY 19 N,TARPON SPRINGS,2021-06-11,3,Warning Issued,True,False,,
7400031,JERSEY MIKES SUBS 13153,1740 4TH ST N,ST. PETERSBURG,2020-12-15,2,Inspection Completed - No Further Action,True,False,,
7400723,CLYDE'S ORIGINAL CHOPHOUSE,2364 KEYSTONE RD,TARPON SPRINGS,2021-01-05,3,Inspection Completed - No Further Action,True,False,,
7402159,TEAK RESTAURANT,840 2 AVE NE FLR 4,ST. PETERSBURG,2021-02-24,1,Inspection Completed - No Further Action,False,False,Ice buildup in reach-in freezer and/or walk-in freezer.,2025-12-02
7402808,BURGERIM,2561 COUNTRYSIDE BLVD  STE 4,CLEARWATER,2020-12-21,1,Warning Issued,False,False,,
7405855,FIREHOUSE SUBS,3434 E LAKE RD  STE 1,PALM HARBOR,2021-01-27,3,Warning Issued,True,False,Accumulation of black/green mold-like substance in the interior of the ice machine.,2025-08-06
7407577,GREAT WALL,1024 62ND AVE N,ST. PETERSBURG,2020-08-11,1,Administrative complaint recommended,False,False,,
7409877,PETE'S SUSHI & POKE,14995 GULF BLVD STE J,MADEIRA BEACH,2021-04-09,2,Call Back - Complied,True,False,,
7410687,BAYOU MARKET & CAFE,6630 CENTRAL AVE,ST. PETERSBURG,2020-11-19,1,Administrative complaint recommended,False,False,-hand wash sinks next to ice machine Operator restocked with paper towels.,
7411981,BEEF O BRADYS,4775 34 ST S,ST. PETERSBURG,2021-01-25,2,Inspection Completed - No Further Action,True,False,,
7412938,SABOR MEXICALI,1735 17 ST SOUTH,ST. PETERSBURG,2021-03-22,1,Warning Issued,False,False,,
7413321,EXECCHEF CATERING,13220 BELCHER RD SOUTH,LARGO,2021-04-07,2,Administrative complaint recommended,True,False,,
7415659,FINLEYS IRISH PUB AND EATERY,13477 BELCHER RD S,LARGO,2021-03-05,1,Inspection Completed - No Further Action,False,False,Basic - Ice buildup in walk-in freezer around door frame.,
7415838,WINGHOUSE BAR & GRILL,7369 ULMERTON RD,LARGO,2020-08-03,2,Warning Issued,True,False,,
7415867,WING HOUSE,7790 US HWY 19,PINELLAS PARK,2020-11-05,5,Emergency Order Callback Not Complied,True,False,,
7415879,WING HOUSE,8001 W HILLBOROUGH AVE,TAMPA,2020-10-20,2,Emergency order recommended,True,False,,
7416011,FUSION RESORT,290 107 AVE,TREASURE ISLAND,2021-03-09,2,Inspection Completed - No Further Action,True,False,,
7416041,WING HOUSE,34900  US HWY 19,PALM HARBOR,2021-03-01,2,Inspection Completed - No Further Action,True,False,,
7416203,WINGHOUSE BAR & GRILL,2640 GULF TO BAY BLVD,CLEARWATER,2021-03-12,2,Inspection Completed - No Further Action,True,False,,
7416882,DOCK'S WATERFRONT SEAFOOD GRILL,210 DODECANESE BLVD,TARPON SPRINGS,2021-02-26,3,Warning Issued,True,False,,
7421538,HOOKS SUSHI BAR AND THAI FOOD,1210 9 ST N,ST. PETERSBURG,2021-04-15,2,Inspection Completed - No Further Action,True,False,Basic - Ice buildup in reach-in freezer and/or walk-in freezer.,
7423775,ROLLBOTTO SUSHI,111 2 AVE NE STE 106,ST. PETERSBURG,2021-02-12,2,Inspection Completed - No Further Action,True,False,,
7425371,COPA,1047 CENTRAL AVE,ST. PETERSBURG,2021-06-02,1,Inspection Completed - No Further Action,False,False,,
7425385,JIMMY JOHNS,34190 US HWY 19N STE B,PALM HARBOR,2020-11-17,1,Warning Issued,False,False,,
7425898,THE SALAD CHOP,407 CENTRAL AVENUE UNIT 102,ST. PETERSBURG,2021-03-08,1,Warning Issued,False,False,,
7426099,ZAXBYS,7520 BELCHER RD,PINELLAS PARK,2020-10-29,2,Warning Issued,True,False,,
7426146,ANGIES GRILL,1732 DREW ST,CLEARWATER,2020-09-08,2,Emergency order recommended,True,False,,
7426297,GRILLIN N CHILLIN,6708 GULF BLVD,ST. PETERSBURG,2020-08-21,1,Inspection Completed - No Further Action,False,False,,
7426472,SHADED KEG PUB,348 COREY AVE,ST.PETE BEACH,2021-04-30,2,Inspection Completed - No Further Action,True,False,,
7426726,SOUL SICILIAN FUSION,516  CLEVELAND ST,CLEARWATER,2021-03-02,1,Inspection Completed - No Further Action,False,False,Accumulation of black mold-like substance in the interior of the ice machine,2026-03-27
7428058,MI FONDITA RESTAURANT,1917 DREW ST,CLEARWATER,2021-02-17,2,Warning Issued,True,False,,
7428937,TUM RUB THAI,32716 US HWY 19 N,PALM HARBOR,2020-11-23,3,Call Back - Complied,True,False,Accumulation of black/green mold-like substance in the interior of the ice machine/bin. Interior of ice machine soiled with mold like substance.,
7429590,TARPON TURTLE GRILL & MARINA,1513 LAKE TARPON AVE,TARPON SPRINGS,2021-01-20,2,Warning Issued,True,False,,
7429890,CABANAS BEACHSIDE BAR AND GRILL,655 S GULFVIEW BLVD,CLEARWATER BEACH,2020-07-29,1,Inspection Completed - No Further Action,False,False,Accumulation of black/green mold-like substance in the interior of the ice machine/bin.,2025-07-07
7430570,MY GREEK CORNER,3150 TAMPA RD,OLDSMAR,2021-02-08,2,Inspection Completed - No Further Action,True,False,,
7432257,SHISO CRISPY,2570 20TH AVE N,ST. PETERSBURG,2020-08-22,1,Inspection Completed - No Further Action,False,False,,
7432875,EINSTEIN BROS BAGELS #1385,2849 GULF TO BAY BLVD,CLEARWATER,2021-02-09,2,Inspection Completed - No Further Action,True,False,,
7432888,SAM'S SUSHI,7210 US 19 HWY N,PINELLAS PARK,2021-05-12,3,Warning Issued,True,False,Near white stand alone reach freezer Basic - Ice buildup in reach-in freezer near cook line stand Alone white Basic - In-use utensil in non-time/temperature control for safety food not stored with handle above top of food within a closed container. Reach in cooler beside ice machine Basic -…,
7438375,CAJUN CAFE ON THE BAYOU,8260 66 ST N,PINELLAS PARK,2021-06-18,2,Inspection Completed - No Further Action,True,False,,
7444255,GULFPERK COFFEE BAR INC,3107 BEACH BLVD SOUTH,GULFPORT,2020-11-09,2,Inspection Completed - No Further Action,True,False,,
7444642,AMORE PIZZERIA,1719 DREW ST,CLEARWATER,2020-12-16,1,Inspection Completed - No Further Action,False,False,,
7450263,JJB BURGERS LLC,6200 N MLK ST,ST. PETERSBURG,2020-07-22,2,Inspection Completed - No Further Action,True,False,Observed buildup ice in walk in freezer bags of chicken storage under dripping water.,2025-08-21
7450382,JJB BURGERS LLC,3775 66 ST N,ST. PETERSBURG,2021-03-12,2,Emergency order recommended,True,False,,
7450402,CHECKERS #3192,1595 MISSOURI AVE,CLEARWATER,2021-01-11,1,Inspection Completed - No Further Action,False,False,Basic - Floor area(s) covered with standing water under ice machine. Hole in top corner of wall near ceiling behind ice machine. Basic - Ice buildup in reach-in freezer across from flat top grill.,
7450407,JJB BURGERS LLC,6730 CENTRAL AVE,ST. PETERSBURG,2021-03-09,2,Inspection Completed - No Further Action,True,False,,
7450414,CHECKERS,3501 34 ST N,ST. PETERSBURG,2021-04-29,1,Inspection Completed - No Further Action,False,False,,
7450656,RUMFISH GRILL,6000 GULF BLVD,ST.PETE BEACH,2020-11-23,1,Inspection Completed - No Further Action,False,False,Accumulation of black/green mold-like substance in the interior of the ice machine/bin. Right ice machine. Ice cubes for bar not covered in walk in freezer.,
7451720,BARFLY - FISH SHACK BAR & GRILL,1026 NEBRASKA AVE,PALM HARBOR,2021-02-02,2,Inspection Completed - No Further Action,True,False,,
7452034,TRADEWINDS RESORT TROPIC TREATS,5700 GULF BLVD,ST.PETE BEACH,2021-02-16,2,Inspection Completed - No Further Action,True,False,,
7452087,BERMUDA'S,5700 GULF BLVD,ST.PETE BEACH,2021-03-10,2,Inspection Completed - No Further Action,True,False,,
7453435,THE CHEFS TABLE CAFE,1258 S HIGHLAND AVE ,CLEARWATER,2021-01-20,1,Inspection Completed - No Further Action,False,False,,
7453461,ORIGINAL PIZZA,19525 GULF BLVD,INDIAN SHORES,2021-03-30,2,Inspection Completed - No Further Action,True,False,,
7454607,SALTY'S BEACH BAR,5700 GULF BLVD,ST. PETE BEACH,2021-03-10,2,Warning Issued,True,False,,
7454646,FOUNTAIN SQUARE DELI,5500 GULF BLVD,ST. PETE BEACH,2021-01-05,2,Inspection Completed - No Further Action,True,False,,
7454692,TW RESORT CONVENTION CENTER,5500 GULF BLVD,ST. PETE BEACH,2021-05-14,2,Inspection Completed - No Further Action,True,False,,
7454776,PALM COURT ITALIAN GRILL,5500 GULF BLVD,ST. PETE BEACH,2021-01-05,1,Inspection Completed - No Further Action,False,False,,
7458254,RED BEARDS SHARK TOOTH TAVERN,5500 GULF BLVD,ST.PETE BEACH,2020-07-17,1,Inspection Completed - No Further Action,False,False,,
7458350,TRADEWINDS LOBBY BAR,5500 GULF BLVD,ST.PETE BEACH,2020-08-21,1,Inspection Completed - No Further Action,False,False,,
7458411,FLYING BRIDGE,5500 GULF BLVD,ST.PETE BEACH,2021-03-02,2,Warning Issued,True,False,,
7460925,THE FLORIBBEAN EATERY AND CATERING,2410 CENTRAL AVE,ST. PETERSBURG,2020-08-25,1,Warning Issued,False,False,,
7462133,CON SABOR MEXICANO RESTAURANT LLC,916 PATRICIA AVE STE D,DUNEDIN,2020-12-09,1,Inspection Completed - No Further Action,False,False,,
7462210,HONG KONG,11204 PARK BLVD N,SEMINOLE,2021-05-20,3,Call Back - Complied,True,False,Containers of cooking oil on floor next to rear kitchen door Basic - Ice buildup in reach-in freezer and/or walk-in freezer.,
7464964,KATERINA'S GREEK GRILL,619 N PINELLAS AVE,TARPON SPRINGS,2020-11-18,1,Warning Issued,False,False,,
7465472,TUTTO BENNE,3038 BEACH BLVD,GULFPORT,2020-10-01,1,Inspection Completed - No Further Action,False,False,,
7467109,LANE'S LEMONADE & DELI,349A MAIN ST,DUNEDIN,2020-11-06,1,Warning Issued,False,False,,
7467744,HIBACHI EXPRESS,2104 E BAY DR,LARGO,2021-04-06,2,Call Back - Complied,True,False,,
7471078,THE TIKI TAVERN LLC,201 MAIN STREET SUITE 101,SAFETY HARBOR,2020-10-28,1,Warning Issued,False,False,,
7475261,LOCALZ SPORTS BAR & GRILL,14219 WALSINGHAM RD,LARGO,2020-10-07,1,Inspection Completed - No Further Action,False,False,,
7482339,LOS MAGUEYES MEXICAN GRILL,9100 ULMERTON RD,LARGO,2021-05-19,3,Emergency order recommended,True,False,,
7482979,BENEDICTS,201 W BAY DR,LARGO,2021-01-13,1,Inspection Completed - No Further Action,False,False,"Accumulation of black/green mold-like substance in the interior of the ice machine/bin. Ice machine next to walk in cooler. Pooled eggs 55f, staff to add more ice and water to container. Bucket of ice water observed in hand sink next to convection ovens.",
7483105,R&S MARKET DELI PIZZERIA,2645 SR 590,CLEARWATER,2021-01-14,3,Call Back - Complied,True,False,,
7522446,WATER OAK GRILL,201 MAIN ST #100,SAFETY HARBOR,2020-10-22,1,Inspection Completed - No Further Action,False,False,,
7522863,THE TIKI BAR @ 56TH AND SHORE,5519 SHORE BLVD S,GULFPORT,2021-03-24,1,Inspection Completed - No Further Action,False,False,,
7523623,HOMEWOOD SUITES ST PETERSBURG CLEARWATER,2293 ULMERTON RD,CLEARWATER,2021-06-24,1,Warning Issued,False,False,,
7524128,THE DUKE OF RIBS LLC,6657 49TH ST N,PINELLAS PARK,2020-12-30,1,Inspection Completed - No Further Action,False,False,,
7524284,WOK N ROLL,4725 66 ST N,KENNETH CITY,2021-04-06,2,Inspection Completed - No Further Action,True,False,- From follow-up inspection 2026-04-22: - From follow-up inspection 2026-04-23: Basic - - From initial inspection : Basic - Ice buildup in reach-in freezer behind cookline.,
7524901,JILLYBEAN'S ICE CREAM & TREATS,368 PATRICIA AVE,DUNEDIN,2021-02-17,2,Inspection Completed - No Further Action,True,False,,
7525519,CRYSTAL COVE CRAB SHACK,2600 34TH ST N,ST. PETERSBURG,2020-07-29,1,Emergency order recommended,False,False,,
7528879,SEA DOG CANTINA LLC,2832 BEACH BLVD S,GULFPORT,2021-03-23,3,Inspection Completed - No Further Action,True,False,,
7529315,SPA BEACH BISTRO,501 2ND AVENUE NE,ST. PETERSBURG,2021-01-19,2,Warning Issued,True,False,Accumulation of black/green mold-like substance in the interior of the ice machine/bin. Interior of ice machine in kitchen area and storage area soiled with lime scale build up and black mold like substance.,2025-11-05
7529769,EASTERN CHINA TASTE INC,658 E LAKE RD,PALM HARBOR,2021-02-01,2,Inspection Completed - No Further Action,True,False,,
7531737,SMASHBURGER,5300 E BAY DR STE 300,CLEARWATER,2020-10-22,1,Warning Issued,False,False,,
7531764,SMASHBURGER,10801 STARKEY RD,SEMINOLE,2020-07-10,1,Warning Issued,False,False,,
7532233,POST CORNER PIZZA,431 S GULFVIEW BLVD,CLEARWATER BEACH,2020-10-01,1,Inspection Completed - No Further Action,False,False,,
7533084,MARQUISE CAFE,2525 PASADENA S AVE STE C ET D,SOUTH PASADENA,2021-02-18,2,Inspection Completed - No Further Action,True,False,,
7534593,TONI'S PIZZA LLC,13355 BELCHER RD S UNIT F,LARGO,2021-02-18,4,Emergency order recommended,True,False,,
7536407,ASTERI RESTAURANT,1722 S PINELLAS AVE,TARPON SPRINGS,2021-01-21,2,Inspection Completed - No Further Action,True,False,,
7538359,SAMS GYRO & SEAFOOD INC,4745  22 AVE S,ST. PETERSBURG,2021-05-03,1,Inspection Completed - No Further Action,False,False,,
7540022,SALTY LIME CANTINA,1019 FLORIDA AVE,PALM HARBOR,2020-12-01,1,Warning Issued,False,False,,
7545830,MEET & EAT,9124 SEMINOLE BLVD,SEMINOLE,2021-03-02,1,Inspection Completed - No Further Action,False,False,,
7546022,GULFSIDE GRILL,6000 GULF BLVD,ST.PETE BEACH,2021-03-31,2,Inspection Completed - No Further Action,True,False,,
7546203,CHILE VERDE,4801 34 ST S,ST. PETERSBURG,2021-01-25,1,Administrative complaint recommended,False,False,Accumulation of black/green mold-like substance in the interior of the ice machine/bin. Interior of ice machine with visible black and red mold like substance.,2025-12-01
7546568,TROPICAL SMOOTHIE CAFE,2137 66 ST N,ST PETERSBURG,2020-09-08,1,Warning Issued,False,False,Paper towel dispenser jammed and not providing paper towels at hand wash sink by ice machine.,2025-10-02
7547693,TERIYAKI MADNESS,23894 US 19 N #30,CLEARWATER,2021-06-14,5,Warning Issued,True,False,,
7549235,PHILLY BUSTER FOOD TRUCK,500 FAIRWOOD AVE #179,CLEARWATER,2021-04-23,2,Call Back - Complied,True,False,,
7551922,ESPOSITO PIZZA VINO AND MORE,191 ORANGE ST UNIT 403,PALM HARBOR,2021-01-19,1,Warning Issued,False,False,,
7552274,SILA THAI AND SUSHI,3828 49 ST N,ST. PETERSBURG,2021-04-08,3,Call Back - Complied,True,False,- From initial inspection : Basic - Ice buildup in all reach-in freezers.,2025-08-11
7552744,TE NONA DELICATUS,5526 66 ST N,ST. PETERSBURG,2021-02-04,1,Warning Issued,False,False,,
7552819,CRAFTY CRAB ST PETE,2901 TYRONE BLVD N,ST. PETERSBURG,2020-09-29,1,Administrative complaint recommended,False,False,,
7552872,THE NORTH END TAPHOUSE,2908 1/2 BEACH BLVD S,GULFPORT,2021-03-23,1,Inspection Completed - No Further Action,False,False,Accumulation of black/pink mold-like substance in the interior of the ice machine.,2025-12-16
7553728,CAMPANELLA,7420 49 ST N,PINELLAS PARK,2021-01-06,2,Warning Issued,True,False,,
7556879,LOCAL PIZZA COMPANY,1846 61 AVE N,ST. PETERSBURG,2021-01-06,2,Inspection Completed - No Further Action,True,False,,
7557480,CAPTAINS PIZZA NORTH,483 MANDALAY AVE STE 106,CLEARWATER BEACH,2021-05-26,3,Call Back - Admin. complaint recommended,True,False,,
7558232,MATJOA,3580 ULMERTON RD,CLEARWATER,2020-08-12,1,Inspection Completed - No Further Action,False,False,,
7558321,GREEK CITY CAFE OF LARGO,10500 ULMERTON RD  STE 698,LARGO,2021-01-14,1,Inspection Completed - No Further Action,False,False,,
7559897,CAMBRIA MADEIRA BEACH HOTEL,15015 MADEIRA WAY,MADEIRA BEACH,2020-10-26,1,Inspection Completed - No Further Action,False,False,Accumulation of black/green mold-like substance in the interior of the ice machine/bin.,
7560043,TAZIKIS MEDITERRANEAN CAFE,2647 ULMERTON RD,ST. PETERSBURG,2020-11-13,3,Warning Issued,True,False,,
7561807,SPORTS SHACK,999 MISSOURI AVE N,LARGO,2020-07-06,1,Inspection Completed - No Further Action,False,False,,
7562590,LONNI'S SANDWICHES,429 CENTRAL AVE,ST. PETERSBURG,2021-01-20,2,Inspection Completed - No Further Action,True,False,,
7565672,JOHNS PASS GRILLE,111 BOARDWALK PLACE WEST STE 203,MADEIRA BEACH,2021-04-14,1,Warning Issued,False,False,,
7565780,NEW HONG KONG LARGO INC,10801 STARKEY RD STE 5,LARGO,2021-01-15,1,Inspection Completed - No Further Action,False,False,Basic - Ice buildup in reach-in freezer and/or walk-in freezer.,
7565860,NAKED FARMER,200 CENTRAL AVE #150,ST. PETERSBURG,2021-03-31,1,Inspection Completed - No Further Action,False,False,,
7566208,TASTY WINGS,2960 54TH AVE S,ST. PETERSBURG,2020-09-22,1,Warning Issued,False,False,,
7566485,PARLOR HOUSE RESTAURANT,1757 MAIN ST,DUNEDIN,2020-12-01,1,Inspection Completed - No Further Action,False,False,Accumulation of black/green mold-like substance in the interior of the ice machine/bin. Interior of ice machine has accumulation of black mold like substance. Ice buckets not stored inverted in kitchen. Operator inverted ice buckets.,
7567985,BUOYS BAR AND GRILL,678 75 AVE,ST PETE BEACH,2020-07-21,2,Warning Issued,True,False,,
7568199,BASCETTIS ITALIAN GRILLE,1568 MAIN ST,DUNEDIN,2021-06-15,3,Inspection Completed - No Further Action,True,False,,
7568904,CADDY'S ST PETE BEACH,5501 GULF BLVD UNIT 113,ST PETE BEACH,2021-04-22,3,Warning Issued,True,False,,
7569971,THE SWEET SPOT,2609 ALT 19 STE A,PALM HARBOR,2020-11-30,2,Call Back - Admin. complaint recommended,True,False,,
7571974,WORLD BURGER,25778 US 19 N,CLEARWATER,2021-06-11,1,Inspection Completed - No Further Action,False,False,,
7572863,CENTRAL PIZZA,7280 49 ST N,PINELLAS PARK,2021-01-20,2,Inspection Completed - No Further Action,True,False,Ice buildup in reach-in freezer.,2025-09-25
7573110,CEVICHE TAPAS BAR AND RESTAURANT,332 BEACH DR NE,ST. PETERSBURG,2021-01-20,1,Inspection Completed - No Further Action,False,False,Plastic ice cube trays stored inside hand handsink in bar area.,
7573756,TASTY THAI,1530 N MCMULLEN BOOTH RD STE D4,CLEARWATER,2020-09-02,1,Warning Issued,False,False,,
7574842,PAULOS PIZZA AND SUBS INC,6297 CENTRAL AVE STE A,ST. PETERSBURG,2021-01-04,2,Inspection Completed - No Further Action,True,False,Accumulation of black/green mold-like substance in the interior of the ice machine.,
7579345,J ROD FOOD TRUCK,7820 49 ST N,PINELLAS PARK,2021-01-21,1,Inspection Completed - No Further Action,False,False,,
7579482,SWEETIES,842 DODECANESE,TARPON SPRINGS,2020-08-31,1,Inspection Completed - No Further Action,False,False,,
7581616,VINNIE'S BAR,10637 117 DR,LARGO,2021-03-25,5,Warning Issued,True,False,,
7582248,COPPER MULE,734 S PINELLAS AVE,TARPON SPRINGS,2020-09-18,1,Inspection Completed - No Further Action,False,False,,
7582837,SHOMI SUSHI AND SEAFOOD,13680 WALSINGHAM ROAD,LARGO,2021-03-23,1,Inspection Completed - No Further Action,False,False,,
7583519,BUFFALO WILD WINGS GRILL AND BAR,21688 US HWY 19 N,CLEARWATER,2020-08-31,1,Inspection Completed - No Further Action,False,False,,
7583527,BUFFALO WILD WINGS GRILL AND BAR,10500 ULMERTON RD STE 476,LARGO,2021-01-08,1,Inspection Completed - No Further Action,False,False,,
7583528,BUFFALO WILD WINGS GRILL & BAR,4058 TAMPA RD STE 2,OLDSMAR,2021-02-08,2,Inspection Completed - No Further Action,True,False,,
7584078,NATURE'S TABLE CITY CENTER,100 2 AVE S,SAINT PETERSBURG,2021-04-08,1,Inspection Completed - No Further Action,False,False,,
7584080,BUFFALO WILD WINGS,2938 TYRONE BLVD N,ST. PETERSBURG,2021-01-14,2,Inspection Completed - No Further Action,True,False,,
7584087,SEA WORTHY FISH BAR,1110 PINELLAS BAYWAY S STE 206,TIERRA VERDE,2021-03-09,2,Warning Issued,True,False,Accumulation of black/green mold-like substance in the interior of the ice machine/bin. educated Basic - Ice buildup in reach-in freezer Basic - Old labels stuck to food containers after cleaning.,
7584942,THE FORGE WOOD FIRED PIZZA,205  DEMPSEY RD,PALM HARBOR,2021-01-21,2,"Call Back - Extension given, pending",True,False,,
7586715,NACHO DADDY,3390 GANDY BLVD,ST. PETERSBURG,2021-06-24,1,Administrative complaint recommended,False,False,,
7588351,MADELINES FALAFEL AND SHAWARMA INC,13 N PINELLAS AVE,TARPON SPRINGS,2020-10-06,1,Emergency order recommended,False,False,,
7589502,MORI SUSHI,1136 94 AVE N,ST. PETERSBURG,2021-05-14,13,Emergency Order Callback Not Complied,True,False,- From follow-up inspection 2026-02-11: Basic - - From initial inspection : Basic - Small Ice buildup in reach-in freezer left side.,
7589951,THE URBAN STILLHOUSE,2232 5 AVE S,ST. PETERSBURG,2021-05-20,2,Inspection Completed - No Further Action,True,False,,
7590162,FIREHOUSE SUBS,1547 MAIN ST,DUNEDIN,2020-12-08,2,Inspection Completed - No Further Action,True,False,,
7591178,WRAPS & KABOBS,40715 US 19 ,TARPON SPRINGS,2020-09-21,1,Inspection Completed - No Further Action,False,False,,
7591819,D TOWN BAR AND GRILL,1056 MAIN ST,DUNEDIN,2021-05-27,3,Inspection Completed - No Further Action,True,False,,
7592391,THE SCREAMING JALAPENO,100 MAIN ST #109,SAFETY HARBOR,2021-01-05,2,Call Back - Admin. complaint recommended,True,False,,
7592729,HUNGRY CRAB,8841 PARK BLVD,SEMINOLE,2020-10-23,2,"Call Back - Extension given, pending",True,False,,
7593864,3 BROTHERS PIZZA,3436 TAMPA RD,PALM HARBOR,2021-03-16,2,Inspection Completed - No Further Action,True,False,,
7594305,MAMAS FAMOUS PIZZA,9045 STARKEY ROAD,LARGO,2021-04-01,3,Inspection Completed - No Further Action,True,False,,
7595439,JAX IN AND OUT,4928 GULFPORT BLVD S,GULFPORT,2021-02-04,1,Inspection Completed - No Further Action,False,False,,
7595730,DJ'S CLAM SHACK,19705 GULF BLVD  STE A,INDIAN SHORES,2021-03-25,1,Inspection Completed - No Further Action,False,False,,
7595800,WINGSTOP,10125 ULMERTON RD,LARGO,2020-09-08,1,Inspection Completed - No Further Action,False,False,,
7598450,LARGO FAMILY DINER,11335 STARKEY RD,LARGO,2021-01-19,5,Call Back - Admin. complaint recommended,True,False,,
7598860,KARMA JUICE BAR & EATERY,1113 CENTRAL AVE,ST. PETERSBURG,2020-09-15,2,Inspection Completed - No Further Action,True,False,,
7599612,MR & MRS CRAB,6798 CROSSWINDS DR N,ST. PETERSBURG,2021-01-05,1,Warning Issued,False,False,Accumulation of black/green mold-like substance in the interior of the ice machine.,
7600923,ORANGE BLOSSOM CAFE,2101 MULTREES XING UNIT 101,DUNEDIN,2020-10-07,1,Inspection Completed - No Further Action,False,False,,
7604801,WEPA LATIN FUSION,2149 3 AVE S UNIT 6,ST. PETERSBURG,2021-04-15,2,Inspection Completed - No Further Action,True,False,,
7605907,CHARLEY'S PHILLY STEAKS,27001 US HWY 19 STE 2085,CLEARWATER,2021-01-14,1,Inspection Completed - No Further Action,False,False,,
7607177,TD BALLPARK GRANT FIELD - FIRST BASE,373 DOUGLAS AVE,DUNEDIN,2021-02-09,1,Inspection Completed - No Further Action,False,False,Accumulation of black/green mold-like substance in the interior of the ice machine/bin. Roof of ice machine has black mold like substance. Hand wash sink used to store towels and dump ice. Operator removed towels and removed ice.,
7608999,LITTLE THAI CAFE,1810 S PINELLAS AVE 1,TARPON SPRINGS,2021-05-26,1,Inspection Completed - No Further Action,False,False,,
7609534,GRAND HACIENDA MEXICAN CUISINE,2424 TYRONE BLVD NORTH,ST. PETERSBURG,2021-01-06,2,Warning Issued,True,False,"Operator used ice bath to cool item before storing in cooler, but did not take a temperature to ensure food was reaching cooling parameters. Operator used ice bath to cool item before storing in cooler, but did not take a temperature to ensure food was reaching cooling parameters. Operator used ice…",
7611692,BAJA'S SOUTHERN STYLE COOKING AND CATERING,1838 49 ST SOUTH,ST PETERSBURG,2021-01-12,3,"Call Back - Extension given, pending",True,False,,
7611741,ROCKING CRAB,391 34 ST N,ST. PETERSBURG,2021-05-10,1,Administrative complaint recommended,False,False,"raw shrimp (47F - Cold Holding); raw chicken (47F - Cold Holding); raw fish (47F - Cold Holding); milk (50F - Cold Holding); muscles (50F - Cold Holding) Items placed on ice, new temps recorded as: raw shrimp (40F - Cold Holding); raw chicken (41F - Cold Holding); raw fish (41F - Cold Holding);…",2025-10-16
7611892,ENGINE 53 PIZZA,12001 49TH ST N #209,CLEARWATER,2021-04-01,1,Inspection Completed - No Further Action,False,False,,
7612423,LITTLE GREEK FRESH GRILL,320 E  LAKE RD,PALM HARBOR,2021-04-26,3,Warning Issued,True,False,,
7613262,SOFIAS GREEK CAFE,1446 S BELCHER RD,CLEARWATER,2020-12-07,2,Warning Issued,True,False,,
7618899,THE WHISKEY EXCHANGE,540 CENTRAL AVE,ST. PETERSBURG,2021-03-03,2,Administrative complaint recommended,True,False,,
7619296,CHILE VERDE,2801 22 AVENUE N,ST. PETERSBURG,2020-11-25,2,Emergency order recommended,True,False,- From follow-up inspection 2025-12-11: - From follow-up inspection 2026-02-10: Basic - - From initial inspection : Basic - Ice buildup in reach-in freezer and/or walk-in freezer. Ice buildup up inside white reach-in chest freezers in rear prep area.,
7619357,CHECKERS 5998,33225 US HWY 19 N,PALM HARBOR,2020-07-21,1,Emergency order recommended,False,False,,
7619391,GIOVANNI'S FRESH EXPRESS,34940 US HWY 19 N,PALM HABOR,2020-09-29,1,Warning Issued,False,False,,
7620547,WHISKEY WINGS,4013 TAMPA RD STE 19 AND 20,OLDSMAR,2021-02-09,2,Inspection Completed - No Further Action,True,False,- From initial inspection : Basic - Ice buildup in reach-in freezer and/or walk-in freezer. Ice buildup along floor in walking freezer.,2025-12-30
7621764,JOJOS ITALIAN DINER,217 S PINELLAS AVENUE,TARPON SPRINGS,2021-02-02,2,Inspection Completed - No Further Action,True,False,,
7623186,LA LONCHERA LP,1345 N HIGHLAND AVENUE,CLEARWATER,2020-12-16,1,Inspection Completed - No Further Action,False,False,,
7624609,YIANNIS SEAFOOD & GREEK CUISINE INC,514 DODECANESE BLVD,TARPON SPRINGS,2021-01-28,3,Call Back - Complied,True,False,,
7626149,FRENCHY'S TO GO,26145 US HWY 19 N,CLEARWATER,2021-05-14,1,Inspection Completed - No Further Action,False,False,,
7628668,ANDROS GREEK GRILL AND PAN PIZZA,150 E TARPON AVE,TARPON SPRINGS,2020-11-30,2,Warning Issued,True,False,,
7631372,NORTH ISLAND BAR AND GRILLE,600 MANDALAY AVE.,CLEARWATER,2020-10-12,2,Call Back - Admin. complaint recommended,True,False,,
7631398,SUBWAY 780,4690 PARK BLVD,PINELLAS PARK,2021-02-01,1,Warning Issued,False,False,Food-contact surface soiled with food debris ice dispenser inside front counter.,2025-12-17
7631430,SUBWAY 1458,2790-A GULF TO BAY BLVD,CLEARWATER,2021-02-24,2,Warning Issued,True,False,,
7632297,SUBWAY 4190,2451 MCMULLEN BOOTH RD STE 1,CLEARWATER,2021-04-08,1,Inspection Completed - No Further Action,False,False,,
7632360,SUBWAY 4419,2004 66 ST N,ST PETERSBURG,2020-09-04,1,Inspection Completed - No Further Action,False,False,,
7632427,SPEGGTACULAR,12125 INDIAN ROCKS RD,LARGO,2020-07-23,1,Inspection Completed - No Further Action,False,False,1 dead roach on shelf above toaster 1 dead roach on storage shelf under front counter 2 dead roaches behind cook line 5 dead roaches next to ice machine 1 dead roach on dry storage shelves above slicer 2 dead roaches under mixer - From follow-up inspection 2025-07-30: 8 dead roaches in front bar…,2025-07-30
7632454,SUBWAY 4633,3300 4 ST N,ST PETERSBURG,2020-12-07,1,Inspection Completed - No Further Action,False,False,Interior of ice chute with mold-like substance or slime.,2025-09-02
7632494,SUBWAY 14051,3135 34 ST N,ST PETERSBURG,2021-03-24,2,Inspection Completed - No Further Action,True,False,,
7632520,SUBWAY  28977,3775 TAMPA RD,OLDSMAR,2020-10-02,1,Inspection Completed - No Further Action,False,False,,
7632939,SUBWAY #56247,2677 ROOSEVELT BLVD,CLEARWATER,2020-11-04,2,Inspection Completed - No Further Action,True,False,,
7634217,RIZZOLIS,"2340  STATE ROAD 580, SUITE#H",CLEARWATER,2021-05-04,2,Warning Issued,True,False,Accumulation of black/green mold-like substance in the interior of the ice machine/bin. Observed a mold like substance on white plastic shield inside ice machine bin at time of inspection.,2025-12-16
7634411,ALINA CAFE LLC,9721 66TH ST 66TH STREET NORTH,PINELLAS,2020-09-16,4,Warning Issued,True,False,,
7635272,MOES SOUTHWEST GRILL #135,4011 TAMPA RD  UNIT 14,OLDSMAR,2021-02-05,2,Inspection Completed - No Further Action,True,False,,
7635472,MOES SOUTHWEST GRILL #204,2679 GULF TO BAY BLVD STE 590,CLEARWATER,2021-06-04,1,Warning Issued,False,False,Ice bucket not inverted on ice machine in back kitchen Basic - Current Hotel and Restaurant license not displayed.,
7635671,BELLA'S RISTORANTE PIZZERIA AND BAR INC,7141 GULF BLVD,ST PETE BEACH,2020-12-09,1,Warning Issued,False,False,,
7637812,CLUB 201 AT THE DETROIT,201 CENTRAL  CENTRAL AVE,SAINT PETERSBURG,2021-01-12,1,Warning Issued,False,False,,
7638163,LITTLE INDIA,25000 US HWY 19 N,CLEARWATER,2021-03-22,2,Inspection Completed - No Further Action,True,False,,
7638855,WE THE PIZZA,"301 SOUTH GULFVIEW BLVD, SUITE 101",CLEARWATER BEACH,2021-04-05,1,Warning Issued,False,False,,
7638935,YUMMI CRAB,2950 GULF TO BAY BLVD,CLEARWATER,2020-09-03,2,Emergency Order Callback Complied,True,False,,
7645618,TIOS PIO'S ,325  MAIN ST,DUNEDIN,2021-05-05,2,Warning Issued,True,False,,
7646869,DANCING CRAB,22996 US 19,CLEARWATER,2021-03-02,1,Inspection Completed - No Further Action,False,False,,
7647449,MCARTHUR'S IRISH PUB,9246 4TH ST N,ST. PETERSBURG,2021-04-19,4,"Call Back - Extension given, pending",True,False,,
7647627,FO'CHEEZY TWISTED MELTZ,6305 GULF BLVD,ST.PETE BEACH,2021-01-21,3,Warning Issued,True,False,,
7651053,TICAS CUISINE,107 DUNBAR AVE STE G,OLDSMAR,2021-04-27,1,Warning Issued,False,False,,
7653606,DRIFTWOOD CAFÉ AND ROASTERY,10767 PARK BLVD,SEMINOLE,2021-03-15,1,Warning Issued,False,False,Only employee present preparing beverages with no hair restraint Basic - Ice buildup in reach-in freezer and/or walk-in freezer.,
7655655,ROXYS,412 CLEVELAND ST,CLEARWATER,2021-02-24,2,Warning Issued,True,False,,
7655878,SFMB TREASURE ISLAND PROPERTY,9001 W GULF BLVD,TREASURE ISLAND,2020-07-14,1,Inspection Completed - No Further Action,False,False,,
7657809,BURGERFI ST PETE,875 CENTRAL AVE,ST. PETERSBURG,2021-03-30,1,Inspection Completed - No Further Action,False,False,,
7657824,THE PELICAN CLUB,1501 INDIAN ROCKS ROAD,BELLEAIR,2020-11-06,1,Inspection Completed - No Further Action,False,False,,
7658195,BODEGA ON CENTRAL,1180 CENTRAL AVE,ST. PETERSBURG,2021-02-08,1,Inspection Completed - No Further Action,False,False,Hand wash sink at front counter used for dumping drink ice and waste.,
7658585,VINNY'S PIZZERIA I,312 W BAY DR,LARGO,2021-03-01,1,Warning Issued,False,False,,
7658797,VERDUCCI,7800 BLIND PASS RD,ST PETE BEACH,2020-12-18,1,Inspection Completed - No Further Action,False,False,,
7663715,SHELL SHACK CLEARWATER,27001 US 19 N,CLEARWATER,2021-03-18,2,Call Back - Complied,True,False,,
7664053,DOC FORD'S RUM BAR & GRILLE,610 2 AVE NE,ST. PETERSBURG,2020-07-17,2,"Call Back - Extension given, pending",True,False,Accumulation of black/green mold-like substance in the interior of the ice machine/bin.,
7665481,SHNOOKUMS,1575 S FORT HARRISON AVE,CLEARWATER,2020-07-21,1,Inspection Completed - No Further Action,False,False,,
7665554,ZEKOS PIZZERIA,2001 GULF TO BAY BLVD UNIT A,CLEARWATER,2021-01-08,3,Inspection Completed - No Further Action,True,False,,
7666507,CARMEL KITCHEN AND WINE BAR,2548 N MCMULLEN BOOTH RD,CLEARWATER,2021-02-04,1,Administrative complaint recommended,False,False,,
7666944,URBAN CREAMERY,689 CENTRAL AVE,ST. PETERSBURG,2020-08-13,1,Warning Issued,False,False,,
7667100,LOCAL BREWING COMPANY,35631 US HWY 19 N,PALM HARBOR,2021-03-04,3,Warning Issued,True,False,,
7672651,ALS NEW YORK PUSH CART,3665 ST RD 580,OLDSMAR,2020-10-29,1,Warning Issued,False,False,,
7673226,DIECI ITALIAN RISTORANTE,32888 US HWY 19 N,PALM HARBOR,2021-03-23,2,Warning Issued,True,False,,
7674660,KENNYS KORNER RESTAURANT,17702 GULF BLVD,REDINGTON SHORES,2021-04-09,2,Call Back - Admin. complaint recommended,True,False,,
7674691,BILLY BRICKS WOOD FIRED PIZZA,1100 CLEVELAND ST,CLEARWATER,2021-01-05,1,Inspection Completed - No Further Action,False,False,,
7678019,HIBACHI BUFFET SUSHI & GRILL,2456 GULF TO BAY BLVD,CLEARWATER,2021-03-30,5,"Call Back - Extension given, pending",True,False,Manager placed crab on ice .,
7678427,DESOTO MEATS,5895 GULF BLVD,ST.PETE BEACH,2020-12-11,1,Inspection Completed - No Further Action,False,False,,
7683276,LAS DELICIAS DE MARIA,1898 DREW ST UNIT B,CLEARWATER,2021-05-28,3,Warning Issued,True,False,,
7683939,BAR@548,548 CENTRAL AVE,ST. PETERSBURG,2020-07-14,1,Inspection Completed - No Further Action,False,False,- From initial inspection : Basic - Accumulation of black/green mold-like substance in the interior of the ice machine/bin. Bar ice bins soiled with black mold like substance. - From follow-up inspection 2025-12-15: Ice bin interior heavily soiled with black mold like substance.,2025-12-15
7685040,JERSEY MIKE'S,7066 US HWY 19 N,PINELLAS PARK,2020-12-16,1,Inspection Completed - No Further Action,False,False,,
7686567,THE ORIGINAL CARBBY BILL'S TRAILER # 1,401 GULF BLVD,INDIAN ROCKS BEACH,2021-03-29,1,Inspection Completed - No Further Action,False,False,,
7686994,DOORIBAN,5600 66 ST N,ST. PETERSBURG,2021-04-14,2,Inspection Completed - No Further Action,True,False,,
7687323,THAI SPICE RESTAURANT,2475 N MCMULLEN BOOTH RD STE B,CLEARWATER,2020-10-26,1,Inspection Completed - No Further Action,False,False,,
7690445,TIKI DOCKS SKYWAY BAR & GRILL,3769 50 AVE S,ST. PETERSBURG,2020-08-25,2,Call Back - Complied,True,False,,
7690998,LUNA @ HILTON HOTEL,950 LAKE CARILLON DR,ST. PETERSBURG,2020-12-17,1,Warning Issued,False,False,,
7691127,BERLINS DOENER,4195 34 ST S,ST. PETERSBURG,2020-12-07,1,Inspection Completed - No Further Action,False,False,,
7693280,KIDZ WORLD OF PLAY TARPON SPRINGS,40767 US 19 NORTH,TARPON SPRINGS,2020-11-19,1,Warning Issued,False,False,,
7696851,TWISTEE TREAT,5994 SEMINOLE BLVD,SEMINOLE,2020-10-30,1,Inspection Completed - No Further Action,False,False,,
7697650,TAQUERIA JIMENEZ,25778 US HWY 19 N,CLEARWATER,2020-08-11,1,Inspection Completed - No Further Action,False,False,,
7700718,"CHILL RESTAURANT, LLC",363 COREY AVE,ST.PETE BEACH,2020-08-13,1,Inspection Completed - No Further Action,False,False,,
7704822,PATRIOTS BAR AND GRILL,1100 TARPON WOODS BLVD,PALM HARBOR,2021-03-17,3,Inspection Completed - No Further Action,True,False,,
7713756,AZUCAR LOUNGE,7221 49TH STREET NORTH,PINELLAS PARK,2021-01-26,2,Warning Issued,True,False,,
7717214,BELLEAIR CAFE,2601 JEWEL RD,BELLEAIR BLUFFS,2021-03-15,1,Inspection Completed - No Further Action,False,False,,
7720029,TORIANO'S,1059 62 AVE S,ST. PETERSBURG,2021-02-18,2,Inspection Completed - No Further Action,True,False,,
7720168,THE ONE NIGHT STAND,149 1ST AVE N,SAINT PETERSBURG,2020-07-21,1,Inspection Completed - No Further Action,False,False,,
7720243,OZ,13577 US HIGHWAY 19,CLEARWATER,2020-07-24,1,Inspection Completed - No Further Action,False,False,,
7723103,REBOOT,248  SCOTLAND ST,DUNEDIN,2020-07-14,1,Inspection Completed - No Further Action,False,False,,
7723407,GIUSEPPE'S PIZZERIA,6690 GULF BLVD,ST.PETE BEACH,2021-02-16,2,Inspection Completed - No Further Action,True,False,,
7723497,RED TIKI BAR,7361 46 AVE N,ST. PETERSBURG,2021-06-08,3,Administrative complaint recommended,True,False,,
7724638,JERMAINE C PHILLIPS,5155 HAINES RD,ST. PETERSBURG,2020-12-17,1,Inspection Completed - No Further Action,False,False,,
7725334,STICK IT STREET KITCHEN,"3993 TYRONE BLVD N STE 304, SUITE 304",SAINT PETERSBURG,2021-02-09,1,Inspection Completed - No Further Action,False,False,,
7725934,SOUTHERN EXPOSURE PUB & GRUB,326 1 AVE N,ST. PETERSBURG,2020-08-07,2,Call Back - Complied,True,False,,
7726502,JAKES COASTAL CANTINA,500 1 STREET,INDIAN ROCKS BEACH,2021-01-08,1,Warning Issued,False,False,,
7728153,DOORMET GOURMET CAFE,681 CENTRAL AVE,ST. PETERSBURG,2020-10-29,1,Warning Issued,False,False,,
7731606,WILD IRIS CAFE,434 VIRGINIA LN,DUNEDIN,2021-03-16,2,Call Back - Complied,True,False,,
7731694,BAYOU BISTRO,607 ISLAND DR,TARPON SPRINGS,2020-08-10,1,Inspection Completed - No Further Action,False,False,,
7732083,OAK & STONE,199 CENTRAL AVE,ST. PETERSBURG,2021-01-19,1,Inspection Completed - No Further Action,False,False,,
7733044,ITALIAN TOUCH MAMMAROSA INC,8211 46 AVE N,ST. PETERSBURG,2021-04-15,2,Warning Issued,True,False,,
7733488,BUSTER BROWN'S SPORTS BAR,2198 NE COACHMAN RD,CLEARWATER,2020-08-12,1,Inspection Completed - No Further Action,False,False,,
7735148,BANK SHOTS,1397 MAIN STREET,DUNEDIN,2020-09-30,2,Warning Issued,True,False,,
7735200,HANGRY'S EXPO,1185  N HERCULES AVE,CLEARWATER,2020-12-17,1,Inspection Completed - No Further Action,False,False,,
7735845,LONG STROKE BILLIARDS,4200 62 AVE N STE L,PINELLAS PARK,2020-08-14,1,Inspection Completed - No Further Action,False,False,,
7737651,SAM'S SEAFOOD AND CHICKEN,3120 CENTRAL AVE,ST. PETERSBURG,2021-04-05,2,Emergency order recommended,True,False,,
7738014,BIG STEINS DELI,9001 4 ST N,ST. PETERSBURG,2021-02-04,3,Call Back - Complied,True,False,,
7738411,MARCOS PIZZA 8282,11182 66 N,LARGO,2021-06-01,1,Inspection Completed - No Further Action,False,False,,
7739907,COPPER MUG LIQUORS,1463  S BELCHER ROAD,CLEARWATER,2020-08-20,1,Inspection Completed - No Further Action,False,False,,
7739979,BUFFALO CITY,5631 PARK STREET NORTH,ST. PETERSBURG,2021-04-26,1,Warning Issued,False,False,,
7741095,THE ALE AND THE WITCH,111 2ND AVENUE NE SUITE 104,ST PETERSBURG,2020-08-20,1,Inspection Completed - No Further Action,False,False,,
7741803,MARQUEE DTSP,350 1 AVE N,ST. PETERSBURG,2020-08-25,1,Inspection Completed - No Further Action,False,False,,
7742747,CLEARWATER SOCIAL BREW AND CORK,483 MANDALAY AVE STE 212,CLEARWATER,2021-05-03,1,Warning Issued,False,False,,
7745360,ROO ROO¿S DINER,11934 SEMINOLE BLVD,LARGO,2021-03-12,1,Inspection Completed - No Further Action,False,False,,
7746729,GAMBINOS PIZZA OF PALM HARBOR,31808 US HWY 19 N,PALM HARBOR,2021-06-17,4,Warning Issued,True,False,,
7748971,THE MANDARIN HIDE,231 CENTRAL AVE,ST. PETERSBURG,2021-03-12,1,Warning Issued,False,False,,
7749614,NOLAN'S PUB,230 MAIN ST SUITE A,SAFETY HARBOR,2020-08-25,1,Inspection Completed - No Further Action,False,False,,
7749921,PB & JELLY DELI INC / GREEN BENCH BREWING CO,1133 BAUM AVE N,ST. PETERSBURG,2020-08-18,1,Inspection Completed - No Further Action,False,False,,
7751174,SNEAKY DS SALOON,4808 COUNTY RD 16,ST. PETERSBURG,2020-09-04,1,Inspection Completed - No Further Action,False,False,,
7751779,WAYSIDE INN,4021 54 AVE N,ST. PETERSBURG,2020-09-04,1,Inspection Completed - No Further Action,False,False,,
7753131,WENDY'S 11666,4047 4 ST N,ST. PETERSBURG,2020-08-28,1,Inspection Completed - No Further Action,False,False,,
7753148,WENDY'S 513,4300 34 ST S,ST. PETERSBURG,2021-01-08,1,Inspection Completed - No Further Action,False,False,,
7753171,WENDYS 10555,336 15 AVE S,ST. PETERSBURG,2021-01-19,2,Inspection Completed - No Further Action,True,False,,
7753988,BEACH LOUNGE,541 COREY AVE,ST.PETE BEACH,2020-08-31,1,Inspection Completed - No Further Action,False,False,,
7754003,IDLE SPUR SALOON,1351 CLEVELAND ST,CLEARWATER,2021-02-10,2,Warning Issued,True,False,,
7756139,SINSATIONS,20866 US HWY 19 N,CLEARWATER,2020-09-28,1,Inspection Completed - No Further Action,False,False,,
7760110,AAMORE PIZZA PUB AND GRILL,9700 66 ST N,PINELLAS PARK,2021-05-17,2,Inspection Completed - No Further Action,True,False,,
7760930,DALGISFLAMFO BROILED BURGERS LLC,10754 70 AVE N UNIT C,SEMINOLE,2021-02-26,1,Inspection Completed - No Further Action,False,False,,
7761805,SWINGERS,2501 CENTRAL AVE,ST. PETERSBURG,2021-05-12,2,Warning Issued,True,False,,
7762587,SONIC DRIVE-IN #5021,7725 49TH STREET N,PINELLAS PARK,2021-02-26,1,Inspection Completed - No Further Action,False,False,Not using time as a public health control shredded cheddar cheese (64F - Cold Holding) Added more ice to holder.,
7769069,REC DEC ST PETE,380 105 TERRACE NE,ST. PETERSBURG,2021-01-05,1,Inspection Completed - No Further Action,False,False,,
7770950,KEKE'S BREAKFAST CAFE,10500 ULMERTON RD STE 760,LARGO,2021-03-12,1,Inspection Completed - No Further Action,False,False,,
7771021,TROPICUBAN CAFE ,5772 54 AVE N,KENNETH CITY,2021-02-24,1,Inspection Completed - No Further Action,False,False,,
7773652,BENEDICTS RESTAURANT,9342 OAKHURST RD,SEMINOLE,2021-03-15,2,Inspection Completed - No Further Action,True,False,"Grease accumulation under cook line Basic - In-use ice scoop stored on soiled surface between uses. Ice scoop stored directly on top of ice machine, manager removed and placed in clean container Basic - In-use knife/knives stored in cracks between pieces of equipment.",
7774687,STEAK N SHAKE,10555  ULMERTON RD,LARGO,2020-12-21,1,Inspection Completed - No Further Action,False,False,,
7775293,COCONUT CHARLIE'S GRILL,6110 GULF BLVD,ST.PETE BEACH,2021-05-19,1,Inspection Completed - No Further Action,False,False,,
7778784,GRILL FRESH,2485 NEBRASKA AVE,PALM HARBOR,2020-10-28,1,Inspection Completed - No Further Action,False,False,,
7784557,ZAXBY'S,8585 ULMERTON RD,LARGO,2021-03-18,1,Inspection Completed - No Further Action,False,False,,
7784608,ZAXBY'S,7520 BELCHER RD,PINELLAS PARK,2021-03-10,1,Inspection Completed - No Further Action,False,False,,
7784930,SILKS,37100 US HWY 19,PALM HARBOR,2020-11-02,1,Inspection Completed - No Further Action,False,False,"License with expiration of 2/1/26 posted behind bar Basic - In-use ice scoop stored on soiled surface between uses. In use ice scoop stored on top of ice machine Intermediate - Food-contact surface soiled with food debris, mold-like substance or slime.",
7785268,PIECE A CHICKEN RESTAURANT,7224 CENTRAL AVE,ST PETERSBURG,2021-02-17,1,Warning Issued,False,False,,
7787838,BOHEMIAN BLUE TAVERN,35615 US 19 N,PALM HARBOR,2021-01-19,1,Inspection Completed - No Further Action,False,False,,
7789834,NASH'S HOT CHICKEN,905 CENTRAL AVE,ST. PETERSBURG,2021-04-06,2,Call Back - Complied,True,False,,
7791748,TOASTED MONKEY BEACH BAR AND GRILL,678 75 AVE,ST PETE BEACH,2021-04-30,1,Emergency order recommended,False,False,Accumulation of black/green mold-like substance in the interior of the ice machine/bin. Upstairs ice machine.,2025-10-28
7793167,NY EAST LAKE PIZZA,2525 EASTLAKE RD,PALM HARBOR,2020-10-09,1,Inspection Completed - No Further Action,False,False,,
7793292,LASALLE'S BARBECUE,3128 DR MLK JR ST N,ST. PETERSBURG,2020-12-04,1,Inspection Completed - No Further Action,False,False,,
7810909,CORI'S,1431 49TH ST S,GULFPORT,2021-01-21,1,Inspection Completed - No Further Action,False,False,,
7811021,THE GREAT CATCH,3687 TAMPA RD SUITE 208,OLDSMAR,2021-02-10,1,Warning Issued,False,False,,
7824319,CAMPANELLA'S RESTAURANT & PIZZERIA,7420 49 ST N,PINELLAS PARK,2021-04-28,2,Administrative complaint recommended,True,False,,
7825471,THE CAMPUS GRIND LLC,121 7 AVE S STE 1,ST. PETERSBURG,2020-12-10,2,Call Back - Complied,True,False,,
7825624,THE STUDIO PUBLIC HOUSE,2950 CENTRAL AVE,ST. PETERSBURG,2021-02-05,1,Inspection Completed - No Further Action,False,False,,
7828718,MAPLE STREET BISCUIT COMPANY,7756 113 ST N STE E,SEMINOLE,2021-03-05,1,Inspection Completed - No Further Action,False,False,Ice chute soiled on soda machine,2025-07-14
7831694,FORTUNATOS PIZZA STATION,4687 PARK BLVD N,PINELLAS PARK,2021-02-17,2,Warning Issued,True,False,,
7832343,HAROLD SELTZER'S STEAKHOUSE,2930  GULF TO BAY BOULEVARD,CLEARWATER,2021-06-09,3,Warning Issued,True,False,,
7835429,EBI SUSHI AND MORE,7900 4 ST N,ST. PETERSBURG,2021-04-19,2,Call Back - Admin. complaint recommended,True,False,,
7836750,FLORIDA BEACH BANQUETS,5501 GULF BLVD STE 110,ST.PETE BEACH,2021-04-29,1,Inspection Completed - No Further Action,False,False,,
7836855,CHILL RESTAURANT,363 COREY AVE,ST. PETE BEACH,2021-03-10,1,Inspection Completed - No Further Action,False,False,Ice scoops.,
7842774,LA GLORIA COCINA MEXICANA,4505 PARK BLVD STE 2,PINELLAS PARK,2021-06-08,3,Call Back - Admin. complaint recommended,True,False,,
7847841,TAPAS AT PONCE,95 CENTRAL AVE,ST. PETERSBURG,2021-05-12,2,Warning Issued,True,False,No employee training could be provided for the employee present engaging in making scoping ice and making drinks for customers at the bar.,
7848158,PLAZA MEXICO RESTAURANT BAR GRILL,34726 US 19 N,PALM HARBOR,2021-01-25,1,Inspection Completed - No Further Action,False,False,,
7848644,GOLDEN BEAR RESTAURANT,12540 STARKEY RD,LARGO,2020-12-22,2,Warning Issued,True,False,Ice buildup in reach-in freezer and/or walk-in freezer.,2025-10-02
7854463,MB GRILL,11001 US HWY 19 N,CLEARWATER,2021-04-12,1,Inspection Completed - No Further Action,False,False,,
7855102,VIKKIS ISLAND GIRL TIKI BAR,9980 GULF BLVD,TREASURE ISLAND,2020-12-17,1,Inspection Completed - No Further Action,False,False,,
7855823,BAKER'S BBQ & CATERING,13030 STARKEY RD,LARGO,2021-01-04,1,Inspection Completed - No Further Action,False,False,,
7856644,SPECIAL PHO,1390 34  ST N,SAINT PETERSBURG,2021-06-07,1,Inspection Completed - No Further Action,False,False,,
7858222,WESTSHORE PIZZA,40699 US HWY 19 N,TARPON SPRINGS,2021-03-19,1,Warning Issued,False,False,,
7890577,ANOTHER BROKEN EGG CAFE,2554 N  MCMULLEN BOOTH RD,CLEARWATER,2021-03-12,1,Inspection Completed - No Further Action,False,False,,
7891107,WENTWORTH GOLF CLUB,2990 WENTWORTH WAY,TARPON SPRINGS,2021-01-25,1,Inspection Completed - No Further Action,False,False,,
7896420,RUSSO'S NY PIZZERIA,2233 GULF TO BAY BLVD,CLEARWATER,2020-12-17,1,Inspection Completed - No Further Action,False,False,,
7897508,NUEVA CANTINA,1625 4  ST S,ST PETERSBURG,2021-06-09,2,Warning Issued,True,False,,
7906159,EL TORO NEGRO MEXICAN GRILL CANTINA CORP,5780 54  AVE N,KENNETH CITY,2021-04-02,2,Warning Issued,True,False,"- From follow-up inspection 2026-05-11: Basic - - From initial inspection : Basic - Ice buildup in three door reach in reach-in freezer behind bar area, - From follow-up inspection 2026-05-11: Basic - - From initial inspection : Basic - Standing water in bottom of reach-in-cooler.",
7916695,COASTAL TACO,14601 GULF BLVD,MADEIRA BEACH,2021-03-29,1,Inspection Completed - No Further Action,False,False,,
7917487,DOUBLES SPORTS BAR,3301 54TH AVE N,ST. PETERSBURG,2021-03-12,2,Admin. Complaint Callback Not Complied,True,False,,
7928329,GA FOODS,12200 32  CT N,ST. PETERSBURG,2021-02-23,1,Inspection Completed - No Further Action,False,False,,
7934568,LUNA AT HILTON HOTEL,950 LAKE CARILLON DR,ST. PETERSBURG,2021-02-12,1,Inspection Completed - No Further Action,False,False,,
7935850,NUEVA CANTINA EXPRESS,1625 4 ST  S,SAINT PETERSBURG,2021-06-04,1,Inspection Completed - No Further Action,False,False,,
7938361,KFC F569051,2430 34 ST S,ST. PETERSBURG,2021-03-02,1,Inspection Completed - No Further Action,False,False,Ice buildup in walk-in freezer.,2025-09-18
7944741,THE PUB AT SAFETY HARBOR,103 8TH  AVE  N,SAFETY HARBOR,2021-03-12,1,Inspection Completed - No Further Action,False,False,,
7946958,PIZZA HUT 4624,13789  WALSINGHAM BLVD,LARGO,2021-02-26,1,Inspection Completed - No Further Action,False,False,,
7946984,PIZZA HUT 4625,1602 MISSOURI AVE,LARGO,2021-02-26,1,Inspection Completed - No Further Action,False,False,,
7948288,PIZZA HUT 4627,17420 N HWY 41,LUTZ,2021-03-10,1,Inspection Completed - No Further Action,False,False,,
7951020,PIZZA HUT #4641,1421 34 ST N,ST. PETERSBURG,2021-05-19,1,Inspection Completed - No Further Action,False,False,,
7951112,PIZZA HUT #4643,9099 4 ST N,ST PETERSBURG,2021-02-24,1,Inspection Completed - No Further Action,False,False,,
7954264,SEASONS CAFE & BAKERY,7261 US HWY 19 N,PINELLAS PARK,2021-04-15,3,Warning Issued,True,False,,
7954381,PB AND JELLY DELI INC,3884 20 ST N,ST. PETERSBURG,2021-04-20,1,Inspection Completed - No Further Action,False,False,,
7961977,22 SOUTH,642 22ND STREET S,ST. PETERSBURG,2021-03-12,1,Inspection Completed - No Further Action,False,False,,
7963376,FOOD STATION,472 DOUGLAS RD  E,OLDSMAR,2021-04-14,1,Warning Issued,False,False,,
7964510,HERO KABAB AND  SHAWARMA,5281 PARK ST N,SAINT PETERSBURG ,2021-04-05,1,Inspection Completed - No Further Action,False,False,,
7987599,PARADISE SWEETS,709 GULF WAY 100,ST.PETE BEACH,2021-05-10,1,Warning Issued,False,False,,
7995602,4TH ST SANDWICH SHOP ,6620 4 ST N,ST. PETERSBURG,2021-05-03,1,Inspection Completed - No Further Action,False,False,,
7997934,SMALLER THE BETTER CATERING,350 N SPRING BLVD,TARPON SPRINGS,2021-04-23,1,Inspection Completed - No Further Action,False,False,,
8009396,NEW YORK BUFFET,1035 62 AVE N,ST PETERESBURG,2021-04-21,2,Warning Issued,True,False,,
8050975,THE LITTLE LUNCH BOX,6340 126 AVE N,LARGO,2021-06-21,1,Inspection Completed - No Further Action,False,False,,
